date,AMZN,S&P 500
2014-05-20,301.19,1872.8299559999998
2014-05-21,305.01,1888.030029
2014-05-22,304.91,1892.4899899999998
2014-05-23,312.24,1900.530029
2014-05-27,310.82,1911.910034
2014-05-28,310.16,1909.780029
2014-05-29,313.78,1920.030029
2014-05-30,312.55,1923.569946
2014-06-02,308.84,1924.969971
2014-06-03,307.19,1924.2399899999998
2014-06-04,306.78,1927.880005
2014-06-05,323.57,1940.459961
2014-06-06,329.67,1949.439941
2014-06-09,327.5,1951.27002
2014-06-10,332.41,1950.790039
2014-06-11,335.2,1943.890015
2014-06-12,325.91,1930.109985
2014-06-13,326.27,1936.160034
2014-06-16,327.62,1937.780029
2014-06-17,325.62,1941.9899899999998
2014-06-18,334.38,1956.97998
2014-06-19,327.0,1959.47998
2014-06-20,324.2,1962.869995
2014-06-23,327.24,1962.609985
2014-06-24,324.16,1949.97998
2014-06-25,327.44,1959.530029
2014-06-26,325.69,1957.219971
2014-06-27,324.57,1960.959961
2014-06-30,324.78,1960.22998
2014-07-01,332.39,1973.319946
2014-07-02,332.85,1974.619995
2014-07-03,337.49199999999996,1985.439941
2014-07-07,333.55,1977.6500239999998
2014-07-08,323.81,1963.709961
2014-07-09,329.97,1972.8299559999998
2014-07-10,327.92,1964.680054
2014-07-11,346.2,1967.569946
2014-07-14,355.32,1977.0999760000002
2014-07-15,354.44,1973.280029
2014-07-16,355.9,1981.569946
2014-07-17,352.454,1958.119995
2014-07-18,358.66,1978.219971
2014-07-21,359.76,1973.630005
2014-07-22,360.84,1983.530029
2014-07-23,358.14,1987.0100100000002
2014-07-24,358.61,1987.97998
2014-07-25,324.01,1978.339966
2014-07-28,320.41,1978.910034
2014-07-29,320.0,1969.949951
2014-07-30,322.51,1970.069946
2014-07-31,312.99,1930.6700440000002
2014-08-01,307.06,1925.1500239999998
2014-08-04,313.65,1938.9899899999998
2014-08-05,312.32,1920.209961
2014-08-06,313.89,1920.2399899999998
2014-08-07,311.45,1909.569946
2014-08-08,316.8,1931.589966
2014-08-11,318.33,1936.9200440000002
2014-08-12,319.32,1933.75
2014-08-13,326.28,1946.719971
2014-08-14,333.21,1955.180054
2014-08-15,333.63,1955.060059
2014-08-18,334.53,1971.7399899999998
2014-08-19,335.13,1981.5999760000002
2014-08-20,335.78,1986.5100100000002
2014-08-21,332.91,1992.369995
2014-08-22,331.59,1988.4000239999998
2014-08-25,334.02,1997.9200440000002
2014-08-26,341.83,2000.02002
2014-08-27,343.18,2000.119995
2014-08-28,340.02,1996.7399899999998
2014-08-29,339.04,2003.369995
2014-09-02,342.38,2002.280029
2014-09-03,339.0,2000.719971
2014-09-04,345.95,1997.6500239999998
2014-09-05,346.38,2007.709961
2014-09-08,342.34,2001.540039
2014-09-09,329.75,1988.439941
2014-09-10,331.33,1995.689941
2014-09-11,330.52,1997.449951
2014-09-12,331.19,1985.540039
2014-09-15,323.89,1984.130005
2014-09-16,327.76,1998.97998
2014-09-17,324.0,2001.569946
2014-09-18,325.0,2011.359985
2014-09-19,331.32,2010.4000239999998
2014-09-22,324.5,1994.290039
2014-09-23,323.63,1982.77002
2014-09-24,328.21,1998.300049
2014-09-25,321.93,1965.9899899999998
2014-09-26,323.21,1982.8499760000002
2014-09-29,321.82,1977.800049
2014-09-30,322.44,1972.290039
2014-10-01,317.46,1946.160034
2014-10-02,318.41,1946.1700440000002
2014-10-03,322.74,1967.9000239999998
2014-10-06,322.2,1964.819946
2014-10-07,316.98,1935.0999760000002
2014-10-08,322.7,1968.890015
2014-10-09,315.37,1928.209961
2014-10-10,311.39,1906.130005
2014-10-13,306.45,1874.7399899999998
2014-10-14,308.31,1877.699951
2014-10-15,305.97,1862.4899899999998
2014-10-16,302.86,1862.7600100000002
2014-10-17,303.64,1886.7600100000002
2014-10-20,306.21,1904.0100100000002
2014-10-21,315.33,1941.280029
2014-10-22,312.97,1927.109985
2014-10-23,313.18,1950.819946
2014-10-24,287.06,1964.5799559999998
2014-10-27,289.97,1961.630005
2014-10-28,295.59,1985.050049
2014-10-29,294.12,1982.300049
2014-10-30,299.07,1994.6500239999998
2014-10-31,305.46,2018.050049
2014-11-03,305.72,2017.810059
2014-11-04,302.81,2012.0999760000002
2014-11-05,296.52,2023.569946
2014-11-06,296.64,2031.209961
2014-11-07,299.86,2031.9200440000002
2014-11-10,305.11,2038.2600100000002
2014-11-11,312.01,2039.680054
2014-11-12,311.51,2038.25
2014-11-13,316.48,2039.3299559999998
2014-11-14,327.82,2039.819946
2014-11-17,323.05,2041.319946
2014-11-18,324.93,2051.800049
2014-11-19,326.54,2048.719971
2014-11-20,330.54,2052.75
2014-11-21,332.63,2063.5
2014-11-24,335.64,2069.409912
2014-11-25,335.04,2067.030029
2014-11-26,333.57,2072.830078
2014-11-28,338.64,2067.560059
2014-12-01,326.0,2053.439941
2014-12-02,326.31,2066.550049
2014-12-03,316.5,2074.330078
2014-12-04,316.93,2071.919922
2014-12-05,312.63,2075.3701170000004
2014-12-08,306.64,2060.310059
2014-12-09,312.5,2059.820068
2014-12-10,305.84,2026.140015
2014-12-11,307.36,2035.3299559999998
2014-12-12,307.32,2002.3299559999998
2014-12-15,306.07,1989.630005
2014-12-16,295.06,1972.7399899999998
2014-12-17,298.88,2012.890015
2014-12-18,297.73,2061.22998
2014-12-19,299.9,2070.649902
2014-12-22,306.54,2078.540039
2014-12-23,306.285,2082.169922
2014-12-24,303.03,2081.8798829999996
2014-12-26,309.09,2088.77002
2014-12-29,312.04,2090.570068
2014-12-30,310.3,2080.350098
2014-12-31,310.35,2058.899902
2015-01-02,308.52,2058.199951
2015-01-05,302.19,2020.5799559999998
2015-01-06,295.29,2002.609985
2015-01-07,298.42,2025.9000239999998
2015-01-08,300.46,2062.139893
2015-01-09,296.93,2044.810059
2015-01-12,291.41,2028.2600100000002
2015-01-13,294.74,2023.030029
2015-01-14,293.27,2011.27002
2015-01-15,286.95,1992.6700440000002
2015-01-16,290.74,2019.4200440000002
2015-01-20,289.44,2022.550049
2015-01-21,297.25,2032.119995
2015-01-22,310.32,2063.149902
2015-01-23,312.39,2051.820068
2015-01-26,309.66,2057.090088
2015-01-27,306.75,2029.550049
2015-01-28,303.91,2002.160034
2015-01-29,311.78,2021.25
2015-01-30,354.53,1994.9899899999998
2015-02-02,364.47,2020.8499760000002
2015-02-03,363.55,2050.030029
2015-02-04,364.75,2041.5100100000002
2015-02-05,373.89,2062.52002
2015-02-06,374.28,2055.469971
2015-02-09,370.56,2046.7399899999998
2015-02-10,372.995,2068.590088
2015-02-11,375.14,2068.530029
2015-02-12,377.17,2088.47998
2015-02-13,381.83,2096.98999
2015-02-17,375.43,2100.340088
2015-02-18,373.37,2099.679932
2015-02-19,378.995,2097.449951
2015-02-20,383.66,2110.300049
2015-02-23,380.14,2109.659912
2015-02-24,378.59,2115.47998
2015-02-25,385.37,2113.860107
2015-02-26,384.8,2110.73999
2015-02-27,380.16,2104.5
2015-03-02,385.655,2117.389893
2015-03-03,384.61,2107.780029
2015-03-04,382.72,2098.530029
2015-03-05,387.83,2101.040039
2015-03-06,380.09,2071.26001
2015-03-09,378.56,2079.429932
2015-03-10,369.51,2044.160034
2015-03-11,366.37,2040.2399899999998
2015-03-12,374.24,2065.949951
2015-03-13,370.58,2053.399902
2015-03-16,373.35,2081.189941
2015-03-17,371.92,2074.280029
2015-03-18,375.135,2099.5
2015-03-19,373.24,2089.27002
2015-03-20,378.49,2108.100098
2015-03-23,375.11,2104.419922
2015-03-24,374.09,2091.5
2015-03-25,370.96,2061.050049
2015-03-26,367.35,2056.149902
2015-03-27,370.56,2061.02002
2015-03-30,374.59,2086.23999
2015-03-31,372.1,2067.889893
2015-04-01,370.255,2059.689941
2015-04-02,372.25,2066.959961
2015-04-06,377.04,2080.6201170000004
2015-04-07,374.41,2076.330078
2015-04-08,381.2,2081.899902
2015-04-09,383.54,2091.179932
2015-04-10,382.65,2102.060059
2015-04-13,382.36,2092.429932
2015-04-14,385.11,2095.840088
2015-04-15,383.45,2106.6298829999996
2015-04-16,386.04,2104.98999
2015-04-17,375.56,2081.179932
2015-04-20,389.51,2100.399902
2015-04-21,391.18,2097.290039
2015-04-22,389.8,2107.959961
2015-04-23,389.99,2112.929932
2015-04-24,445.1,2117.689941
2015-04-27,438.56,2108.919922
2015-04-28,429.31,2114.76001
2015-04-29,429.37,2106.850098
2015-04-30,421.78,2085.51001
2015-05-01,422.87,2108.290039
2015-05-04,423.04,2114.48999
2015-05-05,421.19,2089.459961
2015-05-06,419.1,2080.149902
2015-05-07,426.88,2088.0
2015-05-08,433.69,2116.100098
2015-05-11,432.85,2105.330078
2015-05-12,431.02,2099.1201170000004
2015-05-13,426.87,2098.47998
2015-05-14,432.28,2121.100098
2015-05-15,426.0,2122.72998
2015-05-18,425.24,2129.199951
2015-05-19,421.71,2127.830078
2015-05-20,423.86,2125.850098
2015-05-21,431.63,2130.820068
2015-05-22,427.63,2126.060059
2015-05-26,425.47,2104.199951
2015-05-27,431.42,2123.47998
2015-05-28,426.57,2120.790039
2015-05-29,429.23,2107.389893
2015-06-01,430.92,2111.72998
2015-06-02,430.99,2109.600098
2015-06-03,436.59,2114.070068
2015-06-04,430.78,2095.840088
2015-06-05,426.95,2092.830078
2015-06-08,423.5,2079.280029
2015-06-09,425.48,2080.149902
2015-06-10,430.77,2105.199951
2015-06-11,432.97,2108.860107
2015-06-12,429.92,2094.110107
2015-06-15,423.67,2084.429932
2015-06-16,427.26,2096.290039
2015-06-17,427.81,2100.439941
2015-06-18,439.39,2121.23999
2015-06-19,434.92,2109.98999
2015-06-22,436.29,2122.850098
2015-06-23,445.99,2124.199951
2015-06-24,440.84,2108.580078
2015-06-25,440.1,2102.310059
2015-06-26,438.1,2101.48999
2015-06-29,429.86,2057.639893
2015-06-30,434.09,2063.110107
2015-07-01,437.39,2077.419922
2015-07-02,437.71,2076.780029
2015-07-06,436.04,2068.76001
2015-07-07,436.72,2081.340088
2015-07-08,429.7,2046.680054
2015-07-09,434.39,2051.310059
2015-07-10,443.51,2076.6201170000004
2015-07-13,455.57,2099.600098
2015-07-14,465.57,2108.949951
2015-07-15,461.19,2107.399902
2015-07-16,475.48,2124.290039
2015-07-17,483.01,2126.639893
2015-07-20,488.1,2128.280029
2015-07-21,488.0,2119.209961
2015-07-22,488.27,2114.149902
2015-07-23,482.18,2102.149902
2015-07-24,529.42,2079.649902
2015-07-27,531.41,2067.639893
2015-07-28,526.03,2093.25
2015-07-29,529.0,2108.570068
2015-07-30,536.76,2108.6298829999996
2015-07-31,536.15,2103.840088
2015-08-03,535.03,2098.040039
2015-08-04,531.9,2093.320068
2015-08-05,537.01,2099.840088
2015-08-06,529.46,2083.560059
2015-08-07,522.62,2077.570068
2015-08-10,524.0,2104.179932
2015-08-11,527.46,2084.070068
2015-08-12,525.91,2086.050049
2015-08-13,529.66,2083.389893
2015-08-14,531.52,2091.540039
2015-08-17,535.22,2102.439941
2015-08-18,535.02,2096.919922
2015-08-19,532.92,2079.610107
2015-08-20,515.78,2035.72998
2015-08-21,494.47,1970.890015
2015-08-24,463.37,1893.209961
2015-08-25,466.37,1867.609985
2015-08-26,500.77,1940.5100100000002
2015-08-27,518.37,1987.660034
2015-08-28,518.01,1988.869995
2015-08-31,512.89,1972.180054
2015-09-01,496.54,1913.8499760000002
2015-09-02,510.55,1948.859985
2015-09-03,504.72,1951.130005
2015-09-04,499.0,1921.219971
2015-09-08,517.54,1969.410034
2015-09-09,516.89,1942.040039
2015-09-10,522.24,1952.290039
2015-09-11,529.44,1961.050049
2015-09-14,521.38,1953.030029
2015-09-15,522.37,1978.089966
2015-09-16,527.39,1995.310059
2015-09-17,538.87,1990.199951
2015-09-18,540.26,1958.030029
2015-09-21,548.39,1966.969971
2015-09-22,538.4,1942.7399899999998
2015-09-23,536.07,1938.7600100000002
2015-09-24,533.75,1932.2399899999998
2015-09-25,524.25,1931.339966
2015-09-28,504.06,1881.77002
2015-09-29,496.07,1884.089966
2015-09-30,511.89,1920.030029
2015-10-01,520.72,1923.819946
2015-10-02,532.54,1951.359985
2015-10-05,543.68,1987.050049
2015-10-06,537.48,1979.9200440000002
2015-10-07,541.94,1995.8299559999998
2015-10-08,533.16,2013.430054
2015-10-09,539.8,2014.890015
2015-10-12,550.19,2017.459961
2015-10-13,548.9,2003.689941
2015-10-14,544.83,1994.2399899999998
2015-10-15,562.44,2023.859985
2015-10-16,570.76,2033.109985
2015-10-19,573.15,2033.660034
2015-10-20,560.88,2030.77002
2015-10-21,555.77,2018.939941
2015-10-22,563.91,2052.51001
2015-10-23,599.03,2075.149902
2015-10-26,608.61,2071.179932
2015-10-27,611.01,2065.889893
2015-10-28,617.1,2090.350098
2015-10-29,626.55,2089.409912
2015-10-30,625.9,2079.360107
2015-11-02,628.35,2104.050049
2015-11-03,625.31,2109.790039
2015-11-04,640.95,2102.310059
2015-11-05,655.65,2099.929932
2015-11-06,659.37,2099.199951
2015-11-09,655.49,2078.580078
2015-11-10,659.68,2081.719971
2015-11-11,673.25,2075.0
2015-11-12,665.6,2045.969971
2015-11-13,642.35,2023.040039
2015-11-16,647.81,2053.189941
2015-11-17,643.3,2050.439941
2015-11-18,663.54,2083.580078
2015-11-19,661.27,2081.23999
2015-11-20,668.45,2089.169922
2015-11-23,678.99,2086.590088
2015-11-24,671.15,2089.139893
2015-11-25,675.34,2088.8701170000004
2015-11-27,673.26,2090.110107
2015-11-30,664.8,2080.409912
2015-12-01,679.06,2102.6298829999996
2015-12-02,676.01,2079.51001
2015-12-03,666.25,2049.6201170000004
2015-12-04,672.64,2091.689941
2015-12-07,669.83,2077.070068
2015-12-08,677.33,2063.590088
2015-12-09,664.79,2047.619995
2015-12-10,662.32,2052.22998
2015-12-11,640.15,2012.369995
2015-12-14,657.91,2021.939941
2015-12-15,658.64,2043.410034
2015-12-16,675.77,2073.070068
2015-12-17,670.65,2041.890015
2015-12-18,664.14,2005.550049
2015-12-21,664.51,2021.1500239999998
2015-12-22,663.15,2038.969971
2015-12-23,663.7,2064.290039
2015-12-24,662.79,2060.98999
2015-12-28,675.2,2056.5
2015-12-29,693.97,2078.360107
2015-12-30,689.07,2063.360107
2015-12-31,675.89,2043.939941
2016-01-04,636.99,2012.660034
2016-01-05,633.79,2016.709961
2016-01-06,632.65,1990.2600100000002
2016-01-07,607.94,1943.089966
2016-01-08,607.05,1922.030029
2016-01-11,617.74,1923.6700440000002
2016-01-12,617.89,1938.680054
2016-01-13,581.81,1890.280029
2016-01-14,593.0,1921.839966
2016-01-15,570.18,1880.3299559999998
2016-01-19,574.48,1881.3299559999998
2016-01-20,571.77,1859.3299559999998
2016-01-21,575.02,1868.9899899999998
2016-01-22,596.38,1906.9000239999998
2016-01-25,596.53,1877.0799559999998
2016-01-26,601.25,1903.630005
2016-01-27,583.35,1882.949951
2016-01-28,635.35,1893.359985
2016-01-29,587.0,1940.2399899999998
2016-02-01,574.81,1939.380005
2016-02-02,552.1,1903.030029
2016-02-03,531.07,1912.530029
2016-02-04,536.26,1915.449951
2016-02-05,502.13,1880.050049
2016-02-08,488.1,1853.439941
2016-02-09,482.07,1852.209961
2016-02-10,490.48,1851.859985
2016-02-11,503.82,1829.0799559999998
2016-02-12,507.08,1864.780029
2016-02-16,521.1,1895.5799559999998
2016-02-17,534.1,1926.819946
2016-02-18,525.0,1917.8299559999998
2016-02-19,534.9,1917.780029
2016-02-22,559.5,1945.5
2016-02-23,552.94,1921.27002
2016-02-24,554.04,1929.800049
2016-02-25,555.15,1951.699951
2016-02-26,555.23,1948.050049
2016-02-29,552.52,1932.22998
2016-03-01,579.04,1978.3499760000002
2016-03-02,580.21,1986.449951
2016-03-03,577.49,1993.4000239999998
2016-03-04,575.14,1999.9899899999998
2016-03-07,562.8,2001.7600100000002
2016-03-08,560.26,1979.2600100000002
2016-03-09,559.47,1989.2600100000002
2016-03-10,558.93,1989.569946
2016-03-11,569.61,2022.189941
2016-03-14,573.37,2019.640015
2016-03-15,577.02,2015.930054
2016-03-16,574.27,2027.219971
2016-03-17,559.44,2040.589966
2016-03-18,552.08,2049.580078
2016-03-21,553.98,2051.600098
2016-03-22,560.48,2049.800049
2016-03-23,569.63,2036.709961
2016-03-24,582.95,2035.939941
2016-03-28,579.87,2037.050049
2016-03-29,593.86,2055.01001
2016-03-30,598.69,2063.949951
2016-03-31,593.64,2059.73999
2016-04-01,598.5,2072.780029
2016-04-04,593.19,2066.1298829999996
2016-04-05,586.14,2045.1700440000002
2016-04-06,602.08,2066.659912
2016-04-07,591.43,2041.910034
2016-04-08,594.6,2047.5999760000002
2016-04-11,595.93,2041.9899899999998
2016-04-12,603.17,2061.719971
2016-04-13,614.82,2082.419922
2016-04-14,620.75,2082.780029
2016-04-15,625.89,2080.72998
2016-04-18,635.35,2094.340088
2016-04-19,627.9,2100.800049
2016-04-20,632.99,2102.399902
2016-04-21,631.0,2091.47998
2016-04-22,620.5,2091.580078
2016-04-25,626.2,2087.790039
2016-04-26,616.88,2091.699951
2016-04-27,606.57,2095.149902
2016-04-28,602.0,2075.810059
2016-04-29,659.59,2065.300049
2016-05-02,683.85,2081.429932
2016-05-03,671.32,2063.3701170000004
2016-05-04,670.9,2051.1201170000004
2016-05-05,659.09,2050.6298829999996
2016-05-06,673.95,2057.139893
2016-05-09,679.75,2058.689941
2016-05-10,703.07,2084.389893
2016-05-11,713.23,2064.459961
2016-05-12,717.93,2064.110107
2016-05-13,709.92,2046.609985
2016-05-16,710.66,2066.659912
2016-05-17,695.27,2047.209961
2016-05-18,697.45,2047.630005
2016-05-19,698.52,2040.040039
2016-05-20,702.8,2052.320068
2016-05-23,696.75,2048.040039
2016-05-24,704.2,2076.060059
2016-05-25,708.35,2090.540039
2016-05-26,714.91,2090.100098
2016-05-27,712.24,2099.060059
2016-05-31,722.79,2096.949951
2016-06-01,719.44,2099.330078
2016-06-02,728.24,2105.26001
2016-06-03,725.54,2099.1298829999996
2016-06-06,726.73,2109.409912
2016-06-07,723.74,2112.1298829999996
2016-06-08,726.64,2119.1201170000004
2016-06-09,727.65,2115.47998
2016-06-10,717.91,2096.070068
2016-06-13,715.24,2079.060059
2016-06-14,719.3,2075.320068
2016-06-15,714.26,2071.5
2016-06-16,717.51,2077.98999
2016-06-17,706.39,2071.219971
2016-06-20,714.01,2083.25
2016-06-21,715.82,2088.899902
2016-06-22,710.6,2085.449951
2016-06-23,722.08,2113.320068
2016-06-24,698.96,2037.410034
2016-06-27,691.36,2000.540039
2016-06-28,707.95,2036.089966
2016-06-29,715.6,2070.77002
2016-06-30,715.62,2098.860107
2016-07-01,725.68,2102.949951
2016-07-05,728.1,2088.550049
2016-07-06,737.61,2099.72998
2016-07-07,736.57,2097.899902
2016-07-08,745.81,2129.899902
2016-07-11,753.78,2137.159912
2016-07-12,748.21,2152.139893
2016-07-13,742.63,2152.429932
2016-07-14,741.2,2163.75
2016-07-15,735.44,2161.73999
2016-07-18,736.07,2166.889893
2016-07-19,739.95,2163.780029
2016-07-20,745.72,2173.02002
2016-07-21,744.43,2165.169922
2016-07-22,744.86,2175.030029
2016-07-25,739.61,2168.47998
2016-07-26,735.59,2169.179932
2016-07-27,736.67,2166.580078
2016-07-28,752.61,2170.060059
2016-07-29,758.81,2173.600098
2016-08-01,767.74,2170.840088
2016-08-02,760.58,2157.030029
2016-08-03,754.64,2163.790039
2016-08-04,760.77,2164.25
2016-08-05,765.98,2182.8701170000004
2016-08-08,766.56,2180.889893
2016-08-09,768.31,2181.73999
2016-08-10,768.56,2175.48999
2016-08-11,771.24,2185.790039
2016-08-12,772.56,2184.050049
2016-08-15,768.49,2190.149902
2016-08-16,764.04,2178.149902
2016-08-17,764.63,2182.219971
2016-08-18,764.46,2187.02002
2016-08-19,757.31,2183.8701170000004
2016-08-22,759.48,2182.639893
2016-08-23,762.45,2186.899902
2016-08-24,757.25,2175.439941
2016-08-25,759.22,2172.469971
2016-08-26,769.0,2169.040039
2016-08-29,771.29,2180.3798829999996
2016-08-30,767.58,2176.1201170000004
2016-08-31,769.16,2170.949951
2016-09-01,770.62,2170.860107
2016-09-02,772.44,2179.97998
2016-09-06,788.87,2186.47998
2016-09-07,784.48,2186.159912
2016-09-08,784.06,2181.300049
2016-09-09,760.14,2127.810059
2016-09-12,771.49,2159.040039
2016-09-13,761.01,2127.02002
2016-09-14,761.09,2125.77002
2016-09-15,769.69,2147.26001
2016-09-16,778.52,2139.159912
2016-09-19,775.1,2139.1201170000004
2016-09-20,780.22,2139.76001
2016-09-21,789.74,2163.1201170000004
2016-09-22,804.7,2177.179932
2016-09-23,805.75,2164.689941
2016-09-26,799.16,2146.100098
2016-09-27,816.11,2159.929932
2016-09-28,828.72,2171.3701170000004
2016-09-29,829.05,2151.1298829999996
2016-09-30,837.31,2168.27002
2016-10-03,836.74,2161.199951
2016-10-04,834.03,2150.48999
2016-10-05,844.36,2159.72998
2016-10-06,841.66,2160.77002
2016-10-07,839.43,2153.73999
2016-10-10,841.71,2163.659912
2016-10-11,831.0,2136.72998
2016-10-12,834.09,2139.179932
2016-10-13,829.28,2132.550049
2016-10-14,822.96,2132.97998
2016-10-17,812.95,2126.5
2016-10-18,817.65,2139.600098
2016-10-19,817.69,2144.290039
2016-10-20,810.32,2141.340088
2016-10-21,818.99,2141.159912
2016-10-24,838.09,2151.330078
2016-10-25,835.18,2143.159912
2016-10-26,822.59,2139.429932
2016-10-27,818.36,2133.040039
2016-10-28,776.32,2126.409912
2016-10-31,789.82,2126.149902
2016-11-01,785.41,2111.719971
2016-11-02,765.56,2097.939941
2016-11-03,767.03,2088.659912
2016-11-04,755.05,2085.179932
2016-11-07,784.93,2131.52002
2016-11-08,787.75,2139.560059
2016-11-09,771.88,2163.26001
2016-11-10,742.38,2167.47998
2016-11-11,739.01,2164.449951
2016-11-14,719.07,2164.199951
2016-11-15,743.24,2180.389893
2016-11-16,746.49,2176.939941
2016-11-17,756.4,2187.1201170000004
2016-11-18,760.16,2181.899902
2016-11-21,780.0,2198.179932
2016-11-22,785.33,2202.939941
2016-11-23,780.12,2204.719971
2016-11-25,780.37,2213.350098
2016-11-28,766.77,2201.719971
2016-11-29,762.52,2204.659912
2016-11-30,750.57,2198.810059
2016-12-01,743.65,2191.080078
2016-12-02,740.34,2191.949951
2016-12-05,759.36,2204.709961
2016-12-06,764.72,2212.22998
2016-12-07,770.42,2241.350098
2016-12-08,767.33,2246.189941
2016-12-09,768.66,2259.530029
2016-12-12,760.12,2256.959961
2016-12-13,774.34,2271.719971
2016-12-14,768.82,2253.280029
2016-12-15,761.0,2262.030029
2016-12-16,757.77,2258.070068
2016-12-19,766.0,2262.530029
2016-12-20,771.22,2270.76001
2016-12-21,770.6,2265.179932
2016-12-22,766.34,2260.959961
2016-12-23,760.59,2263.790039
2016-12-27,771.4,2268.8798829999996
2016-12-28,772.13,2249.919922
2016-12-29,765.15,2249.26001
2016-12-30,749.87,2238.830078
2017-01-03,753.67,2257.830078
2017-01-04,757.18,2270.75
2017-01-05,780.45,2269.0
2017-01-06,795.99,2276.97998
2017-01-09,796.92,2268.899902
2017-01-10,795.9,2268.899902
2017-01-11,799.02,2275.320068
2017-01-12,813.64,2270.439941
2017-01-13,817.14,2274.639893
2017-01-17,809.72,2267.889893
2017-01-18,807.48,2271.889893
2017-01-19,809.04,2263.689941
2017-01-20,808.33,2271.310059
2017-01-23,817.88,2265.199951
2017-01-24,822.44,2280.070068
2017-01-25,836.52,2298.3701170000004
2017-01-26,839.15,2296.679932
2017-01-27,835.77,2294.689941
2017-01-30,830.38,2280.899902
2017-01-31,823.48,2278.8701170000004
2017-02-01,832.35,2279.550049
2017-02-02,839.95,2280.850098
2017-02-03,810.2,2297.419922
2017-02-06,807.64,2292.560059
2017-02-07,812.5,2293.080078
2017-02-08,819.71,2294.669922
2017-02-09,821.36,2307.8701170000004
2017-02-10,827.46,2316.100098
2017-02-13,836.53,2328.25
2017-02-14,836.39,2337.580078
2017-02-15,842.7,2349.25
2017-02-16,844.14,2347.219971
2017-02-17,845.07,2351.159912
2017-02-21,856.44,2365.3798829999996
2017-02-22,855.61,2362.820068
2017-02-23,852.19,2363.810059
2017-02-24,845.24,2367.340088
2017-02-27,848.64,2369.75
2017-02-28,845.04,2363.639893
2017-03-01,853.08,2395.959961
2017-03-02,848.91,2381.919922
2017-03-03,849.88,2383.1201170000004
2017-03-06,846.61,2375.310059
2017-03-07,846.02,2368.389893
2017-03-08,850.5,2362.97998
2017-03-09,853.0,2364.8701170000004
2017-03-10,852.46,2372.600098
2017-03-13,854.59,2373.469971
2017-03-14,852.53,2365.449951
2017-03-15,852.97,2385.26001
2017-03-16,853.42,2381.3798829999996
2017-03-17,852.31,2378.25
2017-03-20,856.97,2373.469971
2017-03-21,843.2,2344.02002
2017-03-22,848.06,2348.449951
2017-03-23,847.38,2345.959961
2017-03-24,845.61,2343.97998
2017-03-27,846.82,2341.590088
2017-03-28,856.0,2358.570068
2017-03-29,874.32,2361.1298829999996
2017-03-30,876.34,2368.060059
2017-03-31,886.54,2362.719971
2017-04-03,891.51,2358.840088
2017-04-04,906.83,2360.159912
2017-04-05,909.28,2352.949951
2017-04-06,898.28,2357.48999
2017-04-07,894.88,2355.540039
2017-04-10,907.04,2357.159912
2017-04-11,902.36,2353.780029
2017-04-12,896.23,2344.929932
2017-04-13,884.67,2328.949951
2017-04-17,901.99,2349.01001
2017-04-18,903.78,2342.189941
2017-04-19,899.2,2338.169922
2017-04-20,902.06,2355.840088
2017-04-21,898.53,2348.689941
2017-04-24,907.41,2374.149902
2017-04-25,907.62,2388.610107
2017-04-26,909.29,2387.449951
2017-04-27,918.38,2388.77002
2017-04-28,924.99,2384.199951
2017-05-01,948.23,2388.330078
2017-05-02,946.94,2391.169922
2017-05-03,941.03,2388.1298829999996
2017-05-04,937.53,2389.52002
2017-05-05,934.15,2399.290039
2017-05-08,949.04,2399.3798829999996
2017-05-09,952.82,2396.919922
2017-05-10,948.95,2399.6298829999996
2017-05-11,947.62,2394.439941
2017-05-12,961.35,2390.899902
2017-05-15,957.97,2402.320068
2017-05-16,966.07,2400.669922
2017-05-17,944.76,2357.030029
2017-05-18,958.49,2365.719971
2017-05-19,959.84,2381.72998
2017-05-22,970.67,2394.02002
2017-05-23,971.54,2398.419922
2017-05-24,980.35,2404.389893
2017-05-25,993.38,2415.070068
2017-05-26,995.78,2415.820068
2017-05-30,996.7,2412.909912
2017-05-31,994.62,2411.800049
2017-06-01,995.95,2430.060059
2017-06-02,1006.73,2439.070068
2017-06-05,1011.34,2436.100098
2017-06-06,1003.0,2429.330078
2017-06-07,1010.07,2433.139893
2017-06-08,1010.27,2433.790039
2017-06-09,978.31,2431.77002
2017-06-12,964.91,2429.389893
2017-06-13,980.79,2440.350098
2017-06-14,976.47,2437.919922
2017-06-15,964.17,2432.459961
2017-06-16,987.71,2433.149902
2017-06-19,995.17,2453.459961
2017-06-20,992.59,2437.030029
2017-06-21,1002.23,2435.610107
2017-06-22,1001.3,2434.5
2017-06-23,1003.74,2438.300049
2017-06-26,993.98,2439.070068
2017-06-27,976.78,2419.3798829999996
2017-06-28,990.33,2440.689941
2017-06-29,975.93,2419.699951
2017-06-30,968.0,2423.409912
2017-07-03,953.66,2429.01001
2017-07-05,971.4,2432.540039
2017-07-06,965.14,2409.75
2017-07-07,978.76,2425.179932
2017-07-10,996.47,2427.429932
2017-07-11,994.13,2425.530029
2017-07-12,1006.51,2443.25
2017-07-13,1000.63,2447.830078
2017-07-14,1001.81,2459.27002
2017-07-17,1010.04,2459.139893
2017-07-18,1024.45,2460.610107
2017-07-19,1026.87,2473.830078
2017-07-20,1028.7,2473.449951
2017-07-21,1025.67,2472.540039
2017-07-24,1038.95,2469.909912
2017-07-25,1039.87,2477.1298829999996
2017-07-26,1052.8,2477.830078
2017-07-27,1046.0,2475.419922
2017-07-28,1020.04,2472.100098
2017-07-31,987.78,2470.300049
2017-08-01,996.19,2476.350098
2017-08-02,995.89,2477.570068
2017-08-03,986.92,2472.159912
2017-08-04,987.58,2476.830078
2017-08-07,992.27,2480.909912
2017-08-08,989.84,2474.919922
2017-08-09,982.01,2474.02002
2017-08-10,956.92,2438.209961
2017-08-11,967.99,2441.320068
2017-08-14,983.3,2465.840088
2017-08-15,982.74,2464.610107
2017-08-16,978.18,2468.110107
2017-08-17,960.57,2430.01001
2017-08-18,958.47,2425.550049
2017-08-21,953.29,2428.3701170000004
2017-08-22,966.9,2452.51001
2017-08-23,958.0,2444.040039
2017-08-24,952.45,2438.969971
2017-08-25,945.26,2443.050049
2017-08-28,946.02,2444.23999
2017-08-29,954.06,2446.300049
2017-08-30,967.59,2457.590088
2017-08-31,980.6,2471.649902
2017-09-01,978.25,2476.550049
2017-09-05,965.27,2457.850098
2017-09-06,967.8,2465.540039
2017-09-07,979.47,2465.100098
2017-09-08,965.9,2461.429932
2017-09-11,977.96,2488.110107
2017-09-12,982.58,2496.47998
2017-09-13,999.6,2498.3701170000004
2017-09-14,992.21,2495.6201170000004
2017-09-15,986.79,2500.22998
2017-09-18,974.19,2503.8701170000004
2017-09-19,969.86,2506.649902
2017-09-20,973.21,2508.23999
2017-09-21,964.65,2500.600098
2017-09-22,955.1,2502.219971
2017-09-25,939.79,2496.659912
2017-09-26,938.6,2496.840088
2017-09-27,950.87,2507.040039
2017-09-28,956.4,2510.060059
2017-09-29,961.35,2519.360107
2017-10-02,959.19,2529.1201170000004
2017-10-03,957.1,2534.580078
2017-10-04,965.45,2537.73999
2017-10-05,980.85,2552.070068
2017-10-06,989.58,2549.330078
2017-10-09,990.99,2544.72998
2017-10-10,987.2,2550.639893
2017-10-11,995.0,2555.23999
2017-10-12,1000.93,2550.929932
2017-10-13,1002.94,2553.169922
2017-10-16,1006.34,2557.639893
2017-10-17,1009.13,2559.360107
2017-10-18,997.0,2561.26001
2017-10-19,986.61,2562.100098
2017-10-20,982.91,2575.209961
2017-10-23,966.3,2564.97998
2017-10-24,975.9,2569.1298829999996
2017-10-25,972.91,2557.149902
2017-10-26,972.43,2560.399902
2017-10-27,1100.95,2581.070068
2017-10-30,1110.85,2572.830078
2017-10-31,1105.28,2575.26001
2017-11-01,1103.68,2579.360107
2017-11-02,1094.22,2579.850098
2017-11-03,1111.6,2587.840088
2017-11-06,1120.66,2591.1298829999996
2017-11-07,1123.17,2590.639893
2017-11-08,1132.88,2594.3798829999996
2017-11-09,1129.13,2584.6201170000004
2017-11-10,1125.35,2582.300049
2017-11-13,1129.17,2584.840088
2017-11-14,1136.84,2578.8701170000004
2017-11-15,1126.69,2564.6201170000004
2017-11-16,1137.29,2585.639893
2017-11-17,1129.88,2578.850098
2017-11-20,1126.31,2582.139893
2017-11-21,1139.49,2599.030029
2017-11-22,1156.16,2597.080078
2017-11-24,1186.0,2602.419922
2017-11-27,1195.83,2601.419922
2017-11-28,1193.6,2627.040039
2017-11-29,1161.27,2626.070068
2017-11-30,1176.75,2647.580078
2017-12-01,1162.35,2642.219971
2017-12-04,1133.95,2639.439941
2017-12-05,1141.57,2629.570068
2017-12-06,1152.35,2629.27002
2017-12-07,1159.79,2636.97998
2017-12-08,1162.0,2651.5
2017-12-11,1168.92,2659.98999
2017-12-12,1165.08,2664.110107
2017-12-13,1164.13,2662.850098
2017-12-14,1174.26,2652.01001
2017-12-15,1179.14,2675.810059
2017-12-18,1190.58,2690.159912
2017-12-19,1187.38,2681.469971
2017-12-20,1177.62,2679.25
2017-12-21,1174.76,2684.570068
2017-12-22,1168.36,2683.340088
2017-12-26,1176.76,2680.5
2017-12-27,1182.26,2682.6201170000004
2017-12-28,1186.1,2687.540039
2017-12-29,1169.47,2673.610107
2018-01-02,1189.01,2695.810059
2018-01-03,1204.2,2713.060059
2018-01-04,1209.59,2723.98999
2018-01-05,1229.14,2743.149902
2018-01-08,1246.87,2747.709961
2018-01-09,1252.7,2751.290039
2018-01-10,1254.33,2748.22998
2018-01-11,1276.68,2767.560059
2018-01-12,1305.2,2786.23999
2018-01-16,1304.86,2776.419922
2018-01-17,1295.0,2802.560059
2018-01-18,1293.32,2798.030029
2018-01-19,1294.58,2810.300049
2018-01-22,1327.31,2832.969971
2018-01-23,1362.54,2839.1298829999996
2018-01-24,1357.51,2837.540039
2018-01-25,1377.95,2839.25
2018-01-26,1402.05,2872.8701170000004
2018-01-29,1417.68,2853.530029
2018-01-30,1437.82,2822.429932
2018-01-31,1450.89,2823.810059
2018-02-01,1390.0,2821.97998
2018-02-02,1429.95,2762.1298829999996
2018-02-05,1390.0,2648.939941
2018-02-06,1442.84,2695.139893
2018-02-07,1416.78,2681.659912
2018-02-08,1350.5,2581.0
2018-02-09,1339.6,2619.550049
2018-02-12,1386.23,2656.0
2018-02-13,1414.51,2662.939941
2018-02-14,1451.05,2698.6298829999996
2018-02-15,1461.76,2731.199951
2018-02-16,1448.69,2732.219971
2018-02-20,1468.35,2716.26001
2018-02-21,1482.92,2701.330078
2018-02-22,1485.34,2703.959961
2018-02-23,1500.0,2747.300049
2018-02-26,1521.95,2779.600098
2018-02-27,1511.98,2744.280029
2018-02-28,1512.45,2713.830078
2018-03-01,1493.45,2677.669922
2018-03-02,1500.25,2691.25
2018-03-05,1523.61,2720.939941
2018-03-06,1537.64,2728.1201170000004
2018-03-07,1545.0,2726.800049
2018-03-08,1551.86,2738.969971
2018-03-09,1578.89,2786.570068
2018-03-12,1598.39,2783.02002
2018-03-13,1588.18,2765.310059
2018-03-14,1591.0,2749.47998
2018-03-15,1582.32,2747.330078
2018-03-16,1571.68,2752.01001
2018-03-19,1544.93,2712.919922
2018-03-20,1586.51,2716.939941
2018-03-21,1581.86,2711.929932
2018-03-22,1544.92,2643.689941
2018-03-23,1495.56,2588.26001
2018-03-26,1555.86,2658.550049
2018-03-27,1497.05,2612.6201170000004
2018-03-28,1431.42,2605.0
2018-03-29,1447.34,2640.8701170000004
2018-04-02,1371.99,2581.8798829999996
2018-04-03,1392.05,2614.449951
2018-04-04,1410.57,2644.689941
2018-04-05,1451.75,2662.840088
2018-04-06,1405.23,2604.469971
2018-04-09,1406.08,2613.159912
2018-04-10,1436.22,2656.8701170000004
2018-04-11,1427.05,2642.189941
2018-04-12,1448.5,2663.98999
2018-04-13,1430.79,2656.300049
2018-04-16,1441.5,2677.840088
2018-04-17,1503.83,2706.389893
2018-04-18,1527.84,2708.639893
2018-04-19,1556.91,2693.1298829999996
2018-04-20,1527.49,2670.139893
2018-04-23,1517.86,2670.290039
2018-04-24,1460.09,2634.560059
2018-04-25,1460.17,2639.399902
2018-04-26,1517.96,2666.939941
2018-04-27,1572.62,2669.909912
2018-04-30,1566.13,2648.050049
2018-05-01,1582.26,2654.800049
2018-05-02,1569.68,2635.669922
2018-05-03,1572.075,2629.72998
2018-05-04,1580.95,2663.419922
2018-05-07,1600.14,2672.6298829999996
2018-05-08,1592.39,2671.919922
2018-05-09,1608.0,2697.790039
2018-05-10,1609.08,2723.070068
2018-05-11,1602.91,2727.719971
2018-05-14,1601.54,2730.1298829999996
2018-05-15,1576.12,2711.449951
2018-05-16,1587.28,2722.459961
2018-05-17,1581.76,2720.1298829999996
2018-05-18,1574.37,2712.969971
2018-05-21,1585.46,2733.01001
2018-05-22,1581.4,2724.439941
2018-05-23,1601.86,2733.290039
2018-05-24,1603.07,2727.76001
2018-05-25,1610.15,2721.330078
2018-05-29,1612.87,2689.860107
2018-05-30,1624.89,2724.01001
2018-05-31,1629.62,2705.27002
2018-06-01,1641.54,2734.6201170000004
2018-06-04,1665.27,2746.8701170000004
2018-06-05,1696.35,2748.800049
2018-06-06,1695.75,2772.350098
2018-06-07,1689.3,2770.3701170000004
2018-06-08,1683.99,2779.030029
2018-06-11,1689.12,2782.0
2018-06-12,1698.75,2786.850098
2018-06-13,1704.86,2775.6298829999996
2018-06-14,1723.86,2782.48999
2018-06-15,1715.97,2779.659912
2018-06-18,1723.79,2773.75
2018-06-19,1734.78,2762.590088
2018-06-20,1750.08,2767.320068
2018-06-21,1730.22,2749.76001
2018-06-22,1715.67,2754.8798829999996
2018-06-25,1663.15,2717.070068
2018-06-26,1691.09,2723.060059
2018-06-27,1660.51,2699.6298829999996
2018-06-28,1701.45,2716.310059
2018-06-29,1699.8,2718.3701170000004
2018-07-02,1713.78,2726.709961
2018-07-03,1693.96,2713.219971
2018-07-05,1699.73,2736.610107
2018-07-06,1710.63,2759.820068
2018-07-09,1739.02,2784.169922
2018-07-10,1743.07,2793.840088
2018-07-11,1755.0,2774.02002
2018-07-12,1796.62,2798.290039
2018-07-13,1813.03,2801.310059
2018-07-16,1822.49,2798.429932
2018-07-17,1843.93,2809.550049
2018-07-18,1842.92,2815.6201170000004
2018-07-19,1812.97,2804.48999
2018-07-20,1813.7,2801.830078
2018-07-23,1802.0,2806.97998
2018-07-24,1829.24,2820.399902
2018-07-25,1863.61,2846.070068
2018-07-26,1808.0,2837.439941
2018-07-27,1817.27,2818.820068
2018-07-30,1779.22,2802.600098
2018-07-31,1777.44,2816.290039
2018-08-01,1797.17,2813.360107
2018-08-02,1834.33,2827.219971
2018-08-03,1823.29,2840.350098
2018-08-06,1847.75,2850.399902
2018-08-07,1862.48,2858.449951
2018-08-08,1886.52,2857.699951
2018-08-09,1898.52,2853.580078
2018-08-10,1886.3,2833.280029
2018-08-13,1896.2,2821.929932
2018-08-14,1919.65,2839.959961
2018-08-15,1882.62,2818.3701170000004
2018-08-16,1886.52,2840.689941
2018-08-17,1882.22,2850.1298829999996
2018-08-20,1876.71,2857.050049
2018-08-21,1883.42,2862.959961
2018-08-22,1904.9,2861.820068
2018-08-23,1902.9,2856.97998
2018-08-24,1905.39,2874.689941
2018-08-27,1927.68,2896.73999
2018-08-28,1932.82,2897.52002
2018-08-29,1998.1,2914.040039
2018-08-30,2002.38,2901.1298829999996
2018-08-31,2012.71,2901.52002
2018-09-04,2039.51,2896.719971
2018-09-05,1994.82,2888.600098
2018-09-06,1958.31,2878.050049
2018-09-07,1952.07,2871.679932
2018-09-10,1939.01,2877.1298829999996
2018-09-11,1987.15,2887.889893
2018-09-12,1990.0,2888.919922
2018-09-13,1989.87,2904.179932
2018-09-14,1970.19,2904.97998
2018-09-17,1908.03,2888.800049
2018-09-18,1941.05,2904.310059
2018-09-19,1926.42,2907.949951
2018-09-20,1944.3,2930.75
2018-09-21,1915.01,2929.669922
2018-09-24,1934.36,2919.3701170000004
2018-09-25,1974.55,2915.560059
2018-09-26,1974.85,2905.969971
2018-09-27,2012.98,2914.0
2018-09-28,2003.0,2913.97998
2018-10-01,2004.36,2924.590088
2018-10-02,1971.31,2923.429932
2018-10-03,1952.76,2925.51001
2018-10-04,1909.42,2901.610107
2018-10-05,1889.65,2885.570068
2018-10-08,1864.42,2884.429932
2018-10-09,1870.32,2880.340088
2018-10-10,1755.25,2785.679932
2018-10-11,1719.36,2728.3701170000004
2018-10-12,1788.61,2767.1298829999996
2018-10-15,1760.95,2750.790039
2018-10-16,1819.96,2809.919922
2018-10-17,1831.73,2809.209961
2018-10-18,1770.72,2768.780029
2018-10-19,1764.03,2767.780029
2018-10-22,1789.3,2755.8798829999996
2018-10-23,1768.7,2740.689941
2018-10-24,1664.2,2656.100098
2018-10-25,1782.17,2705.570068
2018-10-26,1642.81,2658.689941
2018-10-29,1538.88,2641.25
2018-10-30,1530.42,2682.6298829999996
2018-10-31,1598.01,2711.73999
2018-11-01,1665.53,2740.3701170000004
2018-11-02,1665.53,2723.060059
2018-11-05,1627.8,2738.310059
2018-11-06,1642.81,2755.449951
2018-11-07,1755.49,2813.889893
2018-11-08,1754.91,2806.830078
2018-11-09,1712.43,2781.01001
2018-11-12,1636.85,2726.219971
2018-11-13,1631.17,2722.179932
2018-11-14,1599.01,2701.580078
2018-11-15,1619.44,2730.199951
2018-11-16,1593.41,2736.27002
2018-11-19,1512.29,2690.72998
2018-11-20,1495.46,2641.889893
2018-11-21,1516.73,2649.929932
2018-11-23,1502.06,2632.560059
2018-11-26,1581.33,2673.449951
2018-11-27,1581.42,2682.169922
2018-11-28,1677.75,2743.790039
2018-11-29,1673.57,2737.800049
2018-11-30,1690.17,2760.169922
2018-12-03,1772.36,2790.3701170000004
2018-12-04,1668.4,2700.060059
2018-12-06,1699.19,2695.949951
2018-12-07,1629.13,2633.080078
2018-12-10,1641.03,2637.719971
2018-12-11,1643.24,2636.780029
2018-12-12,1663.54,2651.070068
2018-12-13,1658.38,2650.540039
2018-12-14,1591.91,2599.949951
2018-12-17,1520.91,2545.939941
2018-12-18,1551.48,2546.159912
2018-12-19,1495.08,2506.959961
2018-12-20,1460.83,2467.419922
2018-12-21,1377.45,2416.6201170000004
2018-12-24,1343.96,2351.100098
2018-12-26,1470.9,2467.699951
2018-12-27,1461.64,2488.830078
2018-12-28,1478.02,2485.73999
2018-12-31,1501.97,2506.850098
2019-01-02,1539.13,2510.030029
2019-01-03,1500.28,2447.889893
2019-01-04,1575.39,2531.939941
2019-01-07,1629.51,2549.689941
2019-01-08,1656.58,2574.409912
2019-01-09,1659.42,2584.959961
2019-01-10,1656.22,2596.639893
2019-01-11,1640.56,2596.26001
2019-01-14,1617.21,2582.610107
2019-01-15,1674.56,2610.300049
2019-01-16,1683.78,2616.100098
2019-01-17,1693.22,2635.959961
2019-01-18,1696.2,2670.709961
2019-01-22,1632.17,2632.899902
2019-01-23,1640.02,2638.699951
2019-01-24,1654.93,2642.330078
2019-01-25,1670.57,2664.76001
2019-01-28,1637.89,2643.850098
2019-01-29,1593.88,2640.0
2019-01-30,1670.43,2681.050049
2019-01-31,1718.73,2704.100098
2019-02-01,1626.23,2706.530029
2019-02-04,1633.31,2724.8701170000004
2019-02-05,1658.81,2737.699951
2019-02-06,1640.26,2731.610107
2019-02-07,1614.37,2706.050049
2019-02-08,1588.22,2707.8798829999996
2019-02-11,1591.0,2709.800049
2019-02-12,1638.01,2744.72998
2019-02-13,1640.0,2753.030029
2019-02-14,1622.65,2745.72998
2019-02-15,1607.95,2775.600098
2019-02-19,1627.58,2779.76001
2019-02-20,1622.1,2784.699951
2019-02-21,1619.44,2774.8798829999996
2019-02-22,1631.56,2792.669922
2019-02-25,1633.0,2796.110107
2019-02-26,1636.4,2793.899902
2019-02-27,1641.09,2792.3798829999996
2019-02-28,1639.83,2784.48999
2019-03-01,1671.73,2803.689941
2019-03-04,1696.17,2792.810059
2019-03-05,1692.43,2789.649902
2019-03-06,1668.95,2771.449951
2019-03-07,1625.95,2748.929932
2019-03-08,1620.8,2743.070068
2019-03-11,1670.62,2783.300049
2019-03-12,1673.1,2791.52002
2019-03-13,1690.81,2810.919922
2019-03-14,1686.22,2808.47998
2019-03-15,1712.36,2822.47998
2019-03-18,1742.15,2832.939941
2019-03-19,1761.85,2832.570068
2019-03-20,1797.27,2824.22998
2019-03-21,1819.26,2854.8798829999996
2019-03-22,1764.77,2800.709961
2019-03-25,1774.26,2798.360107
2019-03-26,1783.76,2818.459961
2019-03-27,1765.7,2805.3701170000004
2019-03-28,1773.42,2815.439941
2019-03-29,1780.75,2834.399902
2019-04-01,1814.19,2867.189941
2019-04-02,1813.98,2867.23999
2019-04-03,1820.7,2873.399902
2019-04-04,1818.86,2879.389893
2019-04-05,1837.28,2892.73999
2019-04-08,1849.86,2895.77002
2019-04-09,1835.84,2878.199951
2019-04-10,1847.33,2888.209961
2019-04-11,1844.07,2888.320068
2019-04-12,1843.06,2907.409912
2019-04-15,1844.87,2905.580078
2019-04-16,1863.04,2907.060059
2019-04-17,1864.82,2900.449951
2019-04-18,1861.69,2905.030029
2019-04-22,1887.31,2907.969971
2019-04-23,1923.77,2933.679932
2019-04-24,1901.75,2927.25
2019-04-25,1902.25,2926.169922
2019-04-26,1950.63,2939.8798829999996
2019-04-29,1938.43,2943.030029
2019-04-30,1926.52,2945.830078
2019-05-01,1911.52,2923.72998
2019-05-02,1900.82,2917.52002
2019-05-03,1962.46,2945.639893
2019-05-06,1950.55,2932.469971
2019-05-07,1921.0,2884.050049
2019-05-08,1917.77,2879.419922
2019-05-09,1899.87,2870.719971
2019-05-10,1889.98,2881.399902
2019-05-13,1822.68,2811.8701170000004
2019-05-14,1840.12,2834.409912
2019-05-15,1871.15,2850.959961
2019-05-16,1907.57,2876.320068
2019-05-17,1869.0,2859.530029
