date,close
06/29/2010,23.89
06/30/2010,23.83
07/01/2010,21.96
07/02/2010,19.2
07/06/2010,16.11
07/07/2010,15.8
07/08/2010,17.46
07/09/2010,17.4
07/12/2010,17.05
07/13/2010,18.14
07/14/2010,19.84
07/15/2010,19.89
07/16/2010,20.64
07/19/2010,21.91
07/20/2010,20.3
07/21/2010,20.22
07/22/2010,21
07/23/2010,21.29
07/26/2010,20.95
07/27/2010,20.55
07/28/2010,20.72
07/29/2010,20.35
07/30/2010,19.94
08/02/2010,20.92
08/03/2010,21.95
08/04/2010,21.26
08/05/2010,20.45
08/06/2010,19.59
08/09/2010,19.6
08/10/2010,19.03
08/11/2010,17.9
08/12/2010,17.6
08/13/2010,18.32
08/16/2010,18.78
08/17/2010,19.15
08/18/2010,18.77
08/19/2010,18.79
08/20/2010,19.1
08/23/2010,20.13
08/24/2010,19.2
08/25/2010,19.9
08/26/2010,19.75
08/27/2010,19.7
08/30/2010,19.87
08/31/2010,19.48
09/01/2010,20.45
09/02/2010,21.06
09/03/2010,21.05
09/07/2010,20.54
09/08/2010,20.9
09/09/2010,20.71
09/10/2010,20.17
09/13/2010,20.72
09/14/2010,21.12
09/15/2010,21.98
09/16/2010,20.94
09/17/2010,20.23
09/20/2010,21.055
09/21/2010,20.77
09/22/2010,19.87
09/23/2010,19.56
09/24/2010,20.1
09/27/2010,20.53
09/28/2010,21.4
09/29/2010,21.98
09/30/2010,20.405
10/01/2010,20.6
10/04/2010,20.99
10/05/2010,21.12
10/06/2010,20.46
10/07/2010,20.43
10/08/2010,20.43
10/11/2010,20.24
10/12/2010,20.24
10/13/2010,20.54
10/14/2010,20.75
10/15/2010,20.54
10/18/2010,20.23
10/19/2010,20.05
10/20/2010,20.65
10/21/2010,20.75
10/22/2010,20.72
10/25/2010,20.85
10/26/2010,21.36
10/27/2010,21
10/28/2010,21.19
10/29/2010,21.84
11/01/2010,21.41
11/02/2010,21.25
11/03/2010,21.77
11/04/2010,24.9
11/05/2010,24.44
11/08/2010,24.98
11/09/2010,24.63
11/10/2010,29.36
11/11/2010,28.035
11/12/2010,29.84
11/15/2010,30.8
11/16/2010,29.67
11/17/2010,29.49
11/18/2010,29.89
11/19/2010,30.99
11/22/2010,33.4
11/23/2010,34.57
11/24/2010,35.47
11/26/2010,35.32
11/29/2010,34.33
11/30/2010,35.33
12/01/2010,34.35
12/02/2010,32.35
12/03/2010,31.49
12/06/2010,30.31
12/07/2010,31.56
12/08/2010,32.37
12/09/2010,32.05
12/10/2010,31.52
12/13/2010,30.55
12/14/2010,28.53
12/15/2010,29.6
12/16/2010,30.81
12/17/2010,31.36
12/20/2010,31.7
12/21/2010,32.26
12/22/2010,32.63
12/23/2010,30.09
12/27/2010,25.549
12/28/2010,26.41
12/29/2010,27.73
12/30/2010,26.5
12/31/2010,26.63
01/03/2011,26.62
01/04/2011,26.67
01/05/2011,26.83
01/06/2011,27.88
01/07/2011,28.24
01/10/2011,28.45
01/11/2011,26.96
01/12/2011,26.96
01/13/2011,26.22
01/14/2011,25.75
01/18/2011,25.64
01/19/2011,24.03
01/20/2011,22.62
01/21/2011,23.04
01/24/2011,24.49
01/25/2011,24.68
01/26/2011,24.75
01/27/2011,24.92
01/28/2011,24.01
01/31/2011,24.1
02/01/2011,23.91
02/02/2011,23.94
02/03/2011,23.63
02/04/2011,23.46
02/07/2011,23.07
02/08/2011,24.49
02/09/2011,23.21
02/10/2011,23.215
02/11/2011,23.25
02/14/2011,23.08
02/15/2011,22.84
02/16/2011,24.73
02/17/2011,23.6
02/18/2011,23.18
02/22/2011,21.87
02/23/2011,21.83
02/24/2011,22.53
02/25/2011,23.61
02/28/2011,23.89
03/01/2011,23.94
03/02/2011,24.02
03/03/2011,24.36
03/04/2011,24.95
03/07/2011,24.94
03/08/2011,24.66
03/09/2011,24.72
03/10/2011,24.01
03/11/2011,24.07
03/14/2011,23.25
03/15/2011,22.95
03/16/2011,22.82
03/17/2011,22.81
03/18/2011,22.96
03/21/2011,22.73
03/22/2011,22.19
03/23/2011,22.21
03/24/2011,22.33
03/25/2011,22.75
03/28/2011,23.25
03/29/2011,23.92
03/30/2011,23.71
03/31/2011,27.75
04/01/2011,26.66
04/04/2011,25.83
04/05/2011,26.7
04/06/2011,26.49
04/07/2011,27.24
04/08/2011,26.49
04/11/2011,25.27
04/12/2011,24.65
04/13/2011,24.93
04/14/2011,25.14
04/15/2011,25.58
04/18/2011,25.03
04/19/2011,25.16
04/20/2011,25.75
04/21/2011,26.74
04/25/2011,26.39
04/26/2011,26.93
04/27/2011,27.08
04/28/2011,27.66
04/29/2011,27.6
05/02/2011,27.45
05/03/2011,26.87
05/04/2011,26.69
05/05/2011,26.44
05/06/2011,27.12
05/09/2011,27.91
05/10/2011,28.33
05/11/2011,27.07
05/12/2011,27.67
05/13/2011,27.55
05/16/2011,26.6
05/17/2011,25.96
05/18/2011,26.35
05/19/2011,28.2
05/20/2011,27.97
05/23/2011,26.82
05/24/2011,26.72
05/25/2011,28.98
05/26/2011,29.48
05/27/2011,29.55
05/31/2011,30.14
06/01/2011,28.517
06/02/2011,28.76
06/03/2011,30.13
06/06/2011,28.7
06/07/2011,28.37
06/08/2011,27.12
06/09/2011,27.62
06/10/2011,27.86
06/13/2011,28.43
06/14/2011,28.6
06/15/2011,27.32
06/16/2011,26.5
06/17/2011,26.5
06/20/2011,26.01
06/21/2011,27.53
06/22/2011,27.21
06/23/2011,27.71
06/24/2011,27.565
06/27/2011,27.46
06/28/2011,28.11
06/29/2011,28.29
06/30/2011,29.13
07/01/2011,29.02
07/05/2011,29.14
07/06/2011,28.96
07/07/2011,29.73
07/08/2011,28.81
07/11/2011,28.35
07/12/2011,28.17
07/13/2011,28.64
07/14/2011,27.61
07/15/2011,27.58
07/18/2011,27.23
07/19/2011,27.89
07/20/2011,28.69
07/21/2011,28.7
07/22/2011,29.29
07/25/2011,28.49
07/26/2011,28
07/27/2011,27.64
07/28/2011,28.17
07/29/2011,28.17
08/01/2011,28.77
08/02/2011,27.34
08/03/2011,27.2
08/04/2011,24.75
08/05/2011,24.24
08/08/2011,23.64
08/09/2011,25.06
08/10/2011,23.82
08/11/2011,25.3
08/12/2011,26.31
08/15/2011,26.23
08/16/2011,26.1
08/17/2011,25.83
08/18/2011,24.26
08/19/2011,22.3
08/22/2011,21.95
08/23/2011,22.96
08/24/2011,23.87
08/25/2011,23.11
08/26/2011,23.73
08/29/2011,24.71
08/30/2011,24.63
08/31/2011,24.74
09/01/2011,24
09/02/2011,23.07
09/06/2011,22.94
09/07/2011,23.84
09/08/2011,23.61
09/09/2011,22.97
09/12/2011,22.88
09/13/2011,24.08
09/14/2011,24.34
09/15/2011,24.82
09/16/2011,25.8
09/19/2011,25.77
09/20/2011,26.01
09/21/2011,25.85
09/22/2011,25.63
09/23/2011,26.38
09/26/2011,25.52
09/27/2011,26.19
09/28/2011,24.59
09/29/2011,24.12
09/30/2011,24.39
10/03/2011,23.73
10/04/2011,23.66
10/05/2011,25.37
10/06/2011,26.96
10/07/2011,26.99
10/10/2011,27.88
10/11/2011,27.61
10/12/2011,27.8
10/13/2011,27.94
10/14/2011,28.05
10/17/2011,27.42
10/18/2011,28.34
10/19/2011,27.57
10/20/2011,27.34
10/21/2011,28.03
10/24/2011,28.55
10/25/2011,28.25
10/26/2011,27.98
10/27/2011,28.76
10/28/2011,29.87
10/31/2011,29.37
11/01/2011,28.88
11/02/2011,28.71
11/03/2011,32.46
11/04/2011,32.31
11/07/2011,31.27
11/08/2011,31.84
11/09/2011,30.88
11/10/2011,31.33
11/11/2011,33.64
11/14/2011,33.22
11/15/2011,33.93
11/16/2011,34.94
11/17/2011,33.68
11/18/2011,32.6
11/21/2011,31.76
11/22/2011,32.07
11/23/2011,31.45
11/25/2011,31.66
11/28/2011,32.56
11/29/2011,31.75
11/30/2011,32.74
12/01/2011,32.6
12/02/2011,33.3
12/05/2011,34.42
12/06/2011,34.87
12/07/2011,34.19
12/08/2011,30.89
12/09/2011,31.04
12/12/2011,30.41
12/13/2011,29.45
12/14/2011,28.53
12/15/2011,28.62
12/16/2011,28
12/19/2011,27.75
12/20/2011,27.9
12/21/2011,27.57
12/22/2011,27.77
12/23/2011,27.9
12/27/2011,28.57
12/28/2011,28.51
12/29/2011,28.73
12/30/2011,28.56
01/03/2012,28.08
01/04/2012,27.71
01/05/2012,27.12
01/06/2012,26.91
01/09/2012,27.25
01/10/2012,27.62
01/11/2012,28.23
01/12/2012,28.25
01/13/2012,22.79
01/17/2012,26.6
01/18/2012,26.81
01/19/2012,26.76
01/20/2012,26.6
01/23/2012,26.77
01/24/2012,27.42
01/25/2012,27.97
01/26/2012,28.94
01/27/2012,29.33
01/30/2012,29.57
01/31/2012,29.07
02/01/2012,29.58
02/02/2012,30.25
02/03/2012,31.15
02/06/2012,31.8
02/07/2012,31.6
02/08/2012,31.93
02/09/2012,32.58
02/10/2012,31.1
02/13/2012,31.49
02/14/2012,33.17
02/15/2012,33.6
02/16/2012,34.18
02/17/2012,34.97
02/21/2012,34.5
02/22/2012,34.22
02/23/2012,34.53
02/24/2012,33.75
02/27/2012,33.62
02/28/2012,33.81
02/29/2012,33.41
03/01/2012,34.41
03/02/2012,34.04
03/05/2012,33.77
03/06/2012,33.11
03/07/2012,33.12
03/08/2012,33.07
03/09/2012,34.74
03/12/2012,36.01
03/13/2012,36.09
03/14/2012,35.29
03/15/2012,35
03/16/2012,35.32
03/19/2012,34.98
03/20/2012,34.96
03/21/2012,35.15
03/22/2012,34.4
03/23/2012,34.08
03/26/2012,37.4
03/27/2012,37.94
03/28/2012,37.85
03/29/2012,37.33
03/30/2012,37.24
04/02/2012,36.58
04/03/2012,38.01
04/04/2012,35
04/05/2012,34.48
04/09/2012,33.15
04/10/2012,32.46
04/11/2012,33.09
04/12/2012,33.44
04/13/2012,33.59
04/16/2012,32.25
04/17/2012,32.24
04/18/2012,32.66
04/19/2012,33.16
04/20/2012,33.16
04/23/2012,31.94
04/24/2012,31.82
04/25/2012,32.91
04/26/2012,33.49
04/27/2012,33.34
04/30/2012,33.13
05/01/2012,33.78
05/02/2012,33.94
05/03/2012,32.46
05/04/2012,31.83
05/07/2012,32.47
05/08/2012,30.19
05/09/2012,30.06
05/10/2012,32.96
05/11/2012,32.25
05/14/2012,30.06
05/15/2012,29.43
05/16/2012,29.18
05/17/2012,28.57
05/18/2012,27.56
05/21/2012,28.77
05/22/2012,30.79
05/23/2012,31.02
05/24/2012,30.32
05/25/2012,29.81
05/29/2012,31.69
05/30/2012,30.41
05/31/2012,29.5
06/01/2012,28.15
06/04/2012,27.88
06/05/2012,27.91
06/06/2012,29.22
06/07/2012,28.93
06/08/2012,30.08
06/11/2012,29.12
06/12/2012,29.66
06/13/2012,29.77
06/14/2012,29.39
06/15/2012,29.91
06/18/2012,31.84
06/19/2012,32.09
06/20/2012,33.78
06/21/2012,32.19
06/22/2012,33.785
06/25/2012,33.11
06/26/2012,31.61
06/27/2012,31.96
06/28/2012,31.41
06/29/2012,31.29
07/02/2012,30.4
07/03/2012,30.66
07/05/2012,31.23
07/06/2012,30.99
07/09/2012,31.49
07/10/2012,31.27
07/11/2012,31.51
07/12/2012,32.7
07/13/2012,34.25
07/16/2012,35.96
07/17/2012,33.35
07/18/2012,32.15
07/19/2012,32.27
07/20/2012,31.79
07/23/2012,30.66
07/24/2012,29.84
07/25/2012,28.95
07/26/2012,28.13
07/27/2012,29.51
07/30/2012,27.35
07/31/2012,27.42
08/01/2012,26.25
08/02/2012,26.1
08/03/2012,27.27
08/06/2012,28.27
08/07/2012,30.25
08/08/2012,29.09
08/09/2012,29.41
08/10/2012,29.94
08/13/2012,31.17
08/14/2012,29.42
08/15/2012,29.4
08/16/2012,30.3
08/17/2012,30.01
08/20/2012,29.51
08/21/2012,29.11
08/22/2012,29.95
08/23/2012,30.73
08/24/2012,29.5
08/27/2012,28.32
08/28/2012,28.69
08/29/2012,28.41
08/30/2012,28.41
08/31/2012,28.52
09/04/2012,28.14
09/05/2012,27.94
09/06/2012,28.55
09/07/2012,29.35
09/10/2012,27.37
09/11/2012,27.8
09/12/2012,28.28
09/13/2012,29.48
09/14/2012,30.39
09/17/2012,32.54
09/18/2012,31.34
09/19/2012,31.05
09/20/2012,30.9
09/21/2012,30.02
09/24/2012,30.66
09/25/2012,27.66
09/26/2012,27.54
09/27/2012,28.49
09/28/2012,29.28
10/01/2012,29.16
10/02/2012,29.8
10/03/2012,29.3
10/04/2012,29.4
10/05/2012,28.89
10/08/2012,29.25
10/09/2012,28.37
10/10/2012,28.4
10/11/2012,28.32
10/12/2012,27.64
10/15/2012,27.33
10/16/2012,28.06
10/17/2012,28.8191
10/18/2012,28.04
10/19/2012,27.74
10/22/2012,27.85
10/23/2012,28.39
10/24/2012,27.42
10/25/2012,27.52
10/26/2012,27.38
10/31/2012,28.1314
11/01/2012,29.2454
11/02/2012,28.9182
11/05/2012,31.5
11/06/2012,31.15
11/07/2012,31.54
11/08/2012,31.31
11/09/2012,30.32
11/12/2012,31.07
11/13/2012,31.6143
11/14/2012,31.38
11/15/2012,30.82
11/16/2012,31.8399
11/19/2012,32.92
11/20/2012,33
11/21/2012,32.47
11/23/2012,32.13
11/26/2012,32.27
11/27/2012,32.15
11/28/2012,33.23
11/29/2012,33.69
11/30/2012,33.82
12/03/2012,34.62
12/04/2012,33.9
12/05/2012,33.71
12/06/2012,33.9
12/07/2012,34.17
12/10/2012,34.57
12/11/2012,35.28
12/12/2012,35.26
12/13/2012,33.61
12/14/2012,33.81
12/17/2012,34.4
12/18/2012,34.59
12/19/2012,34.61
12/20/2012,34.43
12/21/2012,34
12/24/2012,34.28
12/26/2012,33.59
12/27/2012,33.69
12/28/2012,33.22
12/31/2012,33.87
01/02/2013,35.36
01/03/2013,34.77
01/04/2013,34.4
01/07/2013,34.34
01/08/2013,33.68
01/09/2013,33.64
01/10/2013,33.53
01/11/2013,32.91
01/14/2013,33.26
01/15/2013,33.9
01/16/2013,34.1
01/17/2013,34.38
01/18/2013,34.52
01/22/2013,35.19
01/23/2013,36
01/24/2013,36.99
01/25/2013,36.98
01/28/2013,38.03
01/29/2013,37.95
01/30/2013,37.52
01/31/2013,37.51
02/01/2013,38.3
02/04/2013,37.74
02/05/2013,38.13
02/06/2013,39.17
02/07/2013,39.48
02/08/2013,39.24
02/11/2013,38.42
02/12/2013,37.89
02/13/2013,38.45
02/14/2013,38.3
02/15/2013,37.04
02/19/2013,39.28
02/20/2013,38.54
02/21/2013,35.16
02/22/2013,36.11
02/25/2013,34.38
02/26/2013,34.43
02/27/2013,35.1
02/28/2013,34.83
03/01/2013,34.65
03/04/2013,35.58
03/05/2013,36.65
03/06/2013,37.69
03/07/2013,38.23
03/08/2013,38.47
03/11/2013,39.1
03/12/2013,39.12
03/13/2013,38.98
03/14/2013,36.85
03/15/2013,35.29
03/18/2013,35.15
03/19/2013,35.08
03/20/2013,35.95
03/21/2013,36.01
03/22/2013,36.62
03/25/2013,37.53
03/26/2013,37.86
03/27/2013,38.16
03/28/2013,37.89
04/01/2013,43.93
04/02/2013,44.34
04/03/2013,41.1
04/04/2013,42.01
04/05/2013,41.37
04/08/2013,41.83
04/09/2013,40.5
04/10/2013,41.86
04/11/2013,43.59
04/12/2013,43.75
04/15/2013,43.3
04/16/2013,45.59
04/17/2013,45.45
04/18/2013,46.97
04/19/2013,47.83
04/22/2013,50.19
04/23/2013,51.01
04/24/2013,50.43
04/25/2013,52
04/26/2013,51.2
04/29/2013,54.94
04/30/2013,53.99
05/01/2013,53.28
05/02/2013,54.11
05/03/2013,54.55
05/06/2013,59.5
05/07/2013,55.51
05/08/2013,55.7865
05/09/2013,69.4
05/10/2013,76.764
05/13/2013,87.8
05/14/2013,83.24
05/15/2013,84.842
05/16/2013,92.248
05/17/2013,91.5
05/20/2013,89.94
05/21/2013,87.59
05/22/2013,87.24
05/23/2013,92.73
05/24/2013,97.08
05/28/2013,110.334
05/29/2013,104.629
05/30/2013,104.95
05/31/2013,97.76
06/03/2013,92.59
06/04/2013,94.84
06/05/2013,95.37
06/06/2013,97.35
06/07/2013,102.04
06/10/2013,100.05
06/11/2013,94.47
06/12/2013,97.73
06/13/2013,98.18
06/14/2013,100.3
06/17/2013,102.2
06/18/2013,103.39
06/19/2013,104.68
06/20/2013,100.65
06/21/2013,99.55
06/24/2013,101.49
06/25/2013,102.4
06/26/2013,105.72
06/27/2013,109.25
06/28/2013,107.36
07/01/2013,117.179
07/02/2013,117.82
07/03/2013,115.24
07/05/2013,120.09
07/08/2013,121.61
07/09/2013,123.45
07/10/2013,122.27
07/11/2013,125.61
07/12/2013,129.9
07/15/2013,127.26
07/16/2013,109.05
07/17/2013,120.25
07/18/2013,119.03
07/19/2013,119.68
07/22/2013,122.43
07/23/2013,122.74
07/24/2013,121.7
07/25/2013,124.07
07/26/2013,129.39
07/29/2013,134.62
07/30/2013,131.74
07/31/2013,134.28
08/01/2013,135.55
08/02/2013,138
08/05/2013,144.68
08/06/2013,142.15
08/07/2013,134.23
08/08/2013,153.48
08/09/2013,153
08/12/2013,147.38
08/13/2013,145.43
08/14/2013,139.36
08/15/2013,139.67
08/16/2013,142
08/19/2013,144.9
08/20/2013,149.58
08/21/2013,147.86
08/22/2013,157.1
08/23/2013,161.839
08/26/2013,164.22
08/27/2013,167.01
08/28/2013,166.45
08/29/2013,166.06
08/30/2013,169
09/03/2013,168.94
09/04/2013,170.622
09/05/2013,169.93
09/06/2013,166.97
09/09/2013,160.7
09/10/2013,166.37
09/11/2013,163.52
09/12/2013,164.93
09/13/2013,165.54
09/16/2013,166.58
09/17/2013,166.23
09/18/2013,166.218
09/19/2013,177.92
09/20/2013,183.39
09/23/2013,181.11
09/24/2013,182.33
09/25/2013,185.238
09/26/2013,188.64
09/27/2013,190.9
09/30/2013,193.37
10/01/2013,193
10/02/2013,180.95
10/03/2013,173.31
10/04/2013,180.98
10/07/2013,183.07
10/08/2013,174.73
10/09/2013,168.78
10/10/2013,172.93
10/11/2013,178.7
10/14/2013,179.72
10/15/2013,183.94
10/16/2013,183.56
10/17/2013,182.802
10/18/2013,183.4
10/21/2013,172.6
10/22/2013,171.54
10/23/2013,164.5
10/24/2013,173.15
10/25/2013,169.66
10/28/2013,162.86
10/29/2013,164.47
10/30/2013,159.22
10/31/2013,159.94
11/01/2013,162.17
11/04/2013,175.2
11/05/2013,176.81
11/06/2013,151.16
11/07/2013,139.772
11/08/2013,137.95
11/11/2013,144.698
11/12/2013,137.8
11/13/2013,138.7
11/14/2013,137.6
11/15/2013,135.45
11/18/2013,121.58
11/19/2013,126.09
11/20/2013,121.11
11/21/2013,122.1
11/22/2013,121.38
11/25/2013,120.84
11/26/2013,120.5
11/27/2013,126.94
11/29/2013,127.28
12/02/2013,124.17
12/03/2013,144.7
12/04/2013,138.95
12/05/2013,140.48
12/06/2013,137.36
12/09/2013,141.6
12/10/2013,142.19
12/11/2013,139.65
12/12/2013,147.47
12/13/2013,147.654
12/16/2013,147.94
12/17/2013,152.46
12/18/2013,147.98
12/19/2013,140.72
12/20/2013,143.24
12/23/2013,143.55
12/24/2013,151.41
12/26/2013,155.5
12/27/2013,151.12
12/30/2013,152.44
12/31/2013,150.429
01/02/2014,150.1
01/03/2014,149.56
01/06/2014,147
01/07/2014,149.36
01/08/2014,151.28
01/09/2014,147.53
01/10/2014,145.7199
01/13/2014,139.34
01/14/2014,161.27
01/15/2014,164.13
01/16/2014,170.97
01/17/2014,170.01
01/21/2014,176.68
01/22/2014,178.56
01/23/2014,181.5
01/24/2014,174.6
01/27/2014,169.62
01/28/2014,178.38
01/29/2014,175.23
01/30/2014,182.84
01/31/2014,181.41
02/03/2014,177.11
02/04/2014,178.73
02/05/2014,174.42
02/06/2014,178.38
02/07/2014,186.53
02/10/2014,196.56
02/11/2014,196.62
02/12/2014,195.32
02/13/2014,199.63
02/14/2014,198.23
02/18/2014,203.7
02/19/2014,193.64
02/20/2014,209.97
02/21/2014,209.6
02/24/2014,217.65
02/25/2014,248
02/26/2014,253
02/27/2014,252.54
02/28/2014,244.81
03/03/2014,250.56
03/04/2014,254.84
03/05/2014,252.66
03/06/2014,252.94
03/07/2014,246.21
03/10/2014,238.84
03/11/2014,234.41
03/12/2014,241.49
03/13/2014,237.79
03/14/2014,230.97
03/17/2014,233.98
03/18/2014,240.04
03/19/2014,235.84
03/20/2014,234.91
03/21/2014,228.89
03/24/2014,220.17
03/25/2014,220.44
03/26/2014,212.96
03/27/2014,207.32
03/28/2014,212.37
03/31/2014,208.45
04/01/2014,216.97
04/02/2014,230.29
04/03/2014,225.4
04/04/2014,212.225
04/07/2014,207.52
04/08/2014,215.46
04/09/2014,216.93
04/10/2014,204.19
04/11/2014,203.78
04/14/2014,198.09
04/15/2014,193.91
04/16/2014,199.11
04/17/2014,198.12
04/21/2014,204.38
04/22/2014,218.64
04/23/2014,207.99
04/24/2014,207.86
04/25/2014,199.85
04/28/2014,198.51
04/29/2014,206.92
04/30/2014,207.89
05/01/2014,207.73
05/02/2014,210.91
05/05/2014,216.61
05/06/2014,207.28
05/07/2014,201.35
05/08/2014,178.59
05/09/2014,182.26
05/12/2014,184.67
05/13/2014,190.16
05/14/2014,190.62
05/15/2014,188.59
05/16/2014,191.56
05/19/2014,196.09
05/20/2014,195.3
05/21/2014,199.45
05/22/2014,204.88
05/23/2014,207.3
05/27/2014,211.56
05/28/2014,210.24
05/29/2014,210.24
05/30/2014,207.77
06/02/2014,204.7
06/03/2014,204.94
06/04/2014,203.99
06/05/2014,206.9
06/06/2014,208.171
06/09/2014,205.31
06/10/2014,202.3
06/11/2014,204.47
06/12/2014,203.52
06/13/2014,206.42
06/16/2014,224.61
06/17/2014,231.67
06/18/2014,227.12
06/19/2014,227.79
06/20/2014,229.59
06/23/2014,237.22
06/24/2014,232.5
06/25/2014,236.891
06/26/2014,235.6
06/27/2014,239.06
06/30/2014,240.06
07/01/2014,239.72
07/02/2014,229.425
07/03/2014,229.25
07/07/2014,222.66
07/08/2014,219.07
07/09/2014,223.06
07/10/2014,219.46
07/11/2014,218.13
07/14/2014,226.7
07/15/2014,219.58
07/16/2014,217.16
07/17/2014,215.4
07/18/2014,220.0201
07/21/2014,220.54
07/22/2014,219.58
07/23/2014,222.49
07/24/2014,223.54
07/25/2014,223.57
07/28/2014,224.82
07/29/2014,225.01
07/30/2014,228.92
07/31/2014,223.3
08/01/2014,233.27
08/04/2014,238.52
08/05/2014,238.49
08/06/2014,248.9301
08/07/2014,252.39
08/08/2014,248.13
08/11/2014,259.32
08/12/2014,259.96
08/13/2014,260.31
08/14/2014,261.38
08/15/2014,262.01
08/18/2014,259.94
08/19/2014,256.76
08/20/2014,255.71
08/21/2014,254.34
08/22/2014,256.78
08/25/2014,262.55
08/26/2014,261.74
08/27/2014,263.25
08/28/2014,263.86
08/29/2014,269.7
09/02/2014,284.12
09/03/2014,281.19
09/04/2014,286.04
09/05/2014,277.39
09/08/2014,282.11
09/09/2014,278.48
09/10/2014,281.1
09/11/2014,280.31
09/12/2014,279.2
09/15/2014,253.86
09/16/2014,260.74
09/17/2014,261.38
09/18/2014,263.82
09/19/2014,259.32
09/22/2014,250.03
09/23/2014,250.41
09/24/2014,252.14
09/25/2014,246.95
09/26/2014,246.6
09/29/2014,245.26
09/30/2014,242.68
10/01/2014,240.24
10/02/2014,251.42
10/03/2014,255.21
10/06/2014,260.62
10/07/2014,259.57
10/08/2014,259.28
10/09/2014,257.01
10/10/2014,236.91
10/13/2014,224.59
10/14/2014,227.06
10/15/2014,229.7
10/16/2014,226.35
10/17/2014,227.48
10/20/2014,230.47
10/21/2014,235.34
10/22/2014,231.1
10/23/2014,235.29
10/24/2014,235.24
10/27/2014,221.67
10/28/2014,242.77
10/29/2014,238.1
10/30/2014,238.66
10/31/2014,241.7
11/03/2014,242.59
11/04/2014,238.93
11/05/2014,230.97
11/06/2014,241.22
11/07/2014,240.2
11/10/2014,241.93
11/11/2014,251.08
11/12/2014,249.1
11/13/2014,251.7
11/14/2014,258.68
11/17/2014,253.98
11/18/2014,257.7
11/19/2014,247.74
11/20/2014,248.71
11/21/2014,242.78
11/24/2014,246.72
11/25/2014,248.09
11/26/2014,248.44
11/28/2014,244.52
12/01/2014,231.64
12/02/2014,231.43
12/03/2014,229.3
12/04/2014,228.28
12/05/2014,223.71
12/08/2014,214.36
12/09/2014,216.89
12/10/2014,209.84
12/11/2014,208.88
12/12/2014,207
12/15/2014,204.04
12/16/2014,197.81
12/17/2014,205.82
12/18/2014,218.26
12/19/2014,219.29
12/22/2014,222.6
12/23/2014,220.97
12/24/2014,222.26
12/26/2014,227.82
12/29/2014,225.71
12/30/2014,222.23
12/31/2014,222.41
01/02/2015,219.31
01/05/2015,210.09
01/06/2015,211.28
01/07/2015,210.95
01/08/2015,210.615
01/09/2015,206.66
01/12/2015,202.21
01/13/2015,204.25
01/14/2015,192.69
01/15/2015,191.87
01/16/2015,193.07
01/20/2015,191.93
01/21/2015,196.57
01/22/2015,201.62
01/23/2015,201.29
01/26/2015,206.55
01/27/2015,205.98
01/28/2015,199.37
01/29/2015,205.2
01/30/2015,203.6
02/02/2015,210.94
02/03/2015,218.36
02/04/2015,218.55
02/05/2015,220.99
02/06/2015,217.36
02/09/2015,217.48
02/10/2015,216.29
02/11/2015,212.8
02/12/2015,202.88
02/13/2015,203.77
02/17/2015,204.35
02/18/2015,204.46
02/19/2015,211.705
02/20/2015,217.11
02/23/2015,207.335
02/24/2015,204.11
02/25/2015,203.76
02/26/2015,207.19
02/27/2015,203.34
03/02/2015,197.325
03/03/2015,199.56
03/04/2015,202.435
03/05/2015,200.63
03/06/2015,193.88
03/09/2015,190.88
03/10/2015,190.32
03/11/2015,193.74
03/12/2015,191.07
03/13/2015,188.68
03/16/2015,195.7
03/17/2015,194.73
03/18/2015,200.71
03/19/2015,195.65
03/20/2015,198.08
03/23/2015,199.63
03/24/2015,201.72
03/25/2015,194.3
03/26/2015,190.405
03/27/2015,185
03/30/2015,190.57
03/31/2015,188.77
04/01/2015,187.59
04/02/2015,191
04/06/2015,203.1
04/07/2015,203.25
04/08/2015,207.67
04/09/2015,210.09
04/10/2015,210.9
04/13/2015,209.78
04/14/2015,207.46
04/15/2015,207.83
04/16/2015,206.7
04/17/2015,206.79
04/20/2015,205.27
04/21/2015,209.41
04/22/2015,219.44
04/23/2015,218.6
04/24/2015,218.425
04/27/2015,231.55
04/28/2015,230.48
04/29/2015,232.45
04/30/2015,226.05
05/01/2015,226.03
05/04/2015,230.51
05/05/2015,232.95
05/06/2015,230.43
05/07/2015,236.8
05/08/2015,236.61
05/11/2015,239.49
05/12/2015,244.74
05/13/2015,243.18
05/14/2015,244.1
05/15/2015,248.84
05/18/2015,248.75
05/19/2015,247.14
05/20/2015,244.35
05/21/2015,245.62
05/22/2015,247.73
05/26/2015,247.455
05/27/2015,247.43
05/28/2015,251.45
05/29/2015,250.8
06/01/2015,249.45
06/02/2015,248.35
06/03/2015,248.99
06/04/2015,245.92
06/05/2015,249.14
06/08/2015,256.29
06/09/2015,256
06/10/2015,250.7
06/11/2015,251.41
06/12/2015,250.69
06/15/2015,250.38
06/16/2015,253.12
06/17/2015,260.41
06/18/2015,261.89
06/19/2015,262.51
06/22/2015,259.79
06/23/2015,267.67
06/24/2015,265.17
06/25/2015,268.79
06/26/2015,267.09
06/29/2015,262.02
06/30/2015,268.26
07/01/2015,269.15
07/02/2015,280.02
07/06/2015,279.72
07/07/2015,267.88
07/08/2015,254.96
07/09/2015,257.92
07/10/2015,259.15
07/13/2015,262.16
07/14/2015,265.65
07/15/2015,263.14
07/16/2015,266.68
07/17/2015,274.66
07/20/2015,282.26
07/21/2015,266.77
07/22/2015,267.87
07/23/2015,267.2
07/24/2015,265.41
07/27/2015,253.01
07/28/2015,264.82
07/29/2015,263.82
07/30/2015,266.79
07/31/2015,266.15
08/03/2015,259.99
08/04/2015,266.28
08/05/2015,270.13
08/06/2015,246.13
08/07/2015,242.51
08/10/2015,241.14
08/11/2015,237.37
08/12/2015,238.17
08/13/2015,242.51
08/14/2015,243.15
08/17/2015,254.99
08/18/2015,260.72
08/19/2015,255.25
08/20/2015,242.18
08/21/2015,230.77
08/24/2015,218.87
08/25/2015,220.03
08/26/2015,224.84
08/27/2015,242.99
08/28/2015,248.48
08/31/2015,249.06
09/01/2015,238.63
09/02/2015,247.69
09/03/2015,245.57
09/04/2015,241.93
09/08/2015,248.17
09/09/2015,248.91
09/10/2015,248.48
09/11/2015,250.24
09/14/2015,253.19
09/15/2015,253.57
09/16/2015,262.25
09/17/2015,262.07
09/18/2015,260.62
09/21/2015,264.2
09/22/2015,260.94
09/23/2015,261.06
09/24/2015,263.12
09/25/2015,256.91
09/28/2015,248.43
09/29/2015,246.65
09/30/2015,248.4
10/01/2015,239.88
10/02/2015,247.57
10/05/2015,246.15
10/06/2015,241.46
10/07/2015,231.96
10/08/2015,226.72
10/09/2015,220.69
10/12/2015,215.58
10/13/2015,219.25
10/14/2015,216.88
10/15/2015,221.31
10/16/2015,227.01
10/19/2015,228.1
10/20/2015,213.03
10/21/2015,210.09
10/22/2015,211.72
10/23/2015,209.09
10/26/2015,215.26
10/27/2015,210.35
10/28/2015,212.96
10/29/2015,211.63
10/30/2015,206.93
11/02/2015,213.79
11/03/2015,208.35
11/04/2015,231.63
11/05/2015,231.77
11/06/2015,232.36
11/09/2015,225.33
11/10/2015,216.5
11/11/2015,219.08
11/12/2015,212.94
11/13/2015,207.19
11/16/2015,214.31
11/17/2015,214
11/18/2015,221.07
11/19/2015,221.8
11/20/2015,220.01
11/23/2015,217.75
11/24/2015,218.25
11/25/2015,229.64
11/27/2015,231.61
11/30/2015,230.26
12/01/2015,237.19
12/02/2015,231.99
12/03/2015,232.71
12/04/2015,230.38
12/07/2015,231.13
12/08/2015,226.72
12/09/2015,224.52
12/10/2015,227.07
12/11/2015,217.02
12/14/2015,218.58
12/15/2015,221.09
12/16/2015,234.51
12/17/2015,233.39
12/18/2015,230.46
12/21/2015,232.56
12/22/2015,229.95
12/23/2015,229.7
12/24/2015,230.57
12/28/2015,228.95
12/29/2015,237.19
12/30/2015,238.09
12/31/2015,240.01
01/04/2016,223.41
01/05/2016,223.43
01/06/2016,219.04
01/07/2016,215.65
01/08/2016,211
01/11/2016,207.85
01/12/2016,209.97
01/13/2016,200.31
01/14/2016,206.18
01/15/2016,204.99
01/19/2016,204.72
01/20/2016,198.7
01/21/2016,199.97
01/22/2016,202.55
01/25/2016,196.38
01/26/2016,193.56
01/27/2016,188.07
01/28/2016,189.7
01/29/2016,191.2
02/01/2016,196.94
02/02/2016,182.78
02/03/2016,173.48
02/04/2016,175.33
02/05/2016,162.6
02/08/2016,147.99
02/09/2016,148.25
02/10/2016,143.67
02/11/2016,150.47
02/12/2016,151.04
02/16/2016,155.17
02/17/2016,168.68
02/18/2016,166.77
02/19/2016,166.58
02/22/2016,177.74
02/23/2016,177.21
02/24/2016,179
02/25/2016,187.43
02/26/2016,190.34
02/29/2016,191.93
03/01/2016,186.35
03/02/2016,188.34
03/03/2016,195.74
03/04/2016,201.04
03/07/2016,205.29
03/08/2016,202.6
03/09/2016,208.72
03/10/2016,205.18
03/11/2016,207.5
03/14/2016,215.15
03/15/2016,218.34
03/16/2016,221.93
03/17/2016,226.38
03/18/2016,232.74
03/21/2016,238.32
03/22/2016,234.24
03/23/2016,222.58
03/24/2016,227.75
03/28/2016,230.26
03/29/2016,230.13
03/30/2016,226.89
03/31/2016,229.77
04/01/2016,237.59
04/04/2016,246.99
04/05/2016,255.47
04/06/2016,265.42
04/07/2016,257.2
04/08/2016,250.07
04/11/2016,249.92
04/12/2016,247.82
04/13/2016,254.53
04/14/2016,251.86
04/15/2016,254.51
04/18/2016,253.88
04/19/2016,247.37
04/20/2016,249.97
04/21/2016,248.29
04/22/2016,253.75
04/25/2016,251.82
04/26/2016,253.74
04/27/2016,251.47
04/28/2016,247.71
04/29/2016,240.76
05/02/2016,241.8
05/03/2016,232.32
05/04/2016,222.56
05/05/2016,211.53
05/06/2016,214.93
05/09/2016,208.92
05/10/2016,208.69
05/11/2016,208.96
05/12/2016,207.28
05/13/2016,207.61
05/16/2016,208.29
05/17/2016,204.66
05/18/2016,211.17
05/19/2016,215.21
05/20/2016,220.28
05/23/2016,216.22
05/24/2016,217.91
05/25/2016,219.58
05/26/2016,225.12
05/27/2016,223.04
05/31/2016,223.23
06/01/2016,219.56
06/02/2016,218.96
06/03/2016,218.99
06/06/2016,220.68
06/07/2016,232.34
06/08/2016,235.52
06/09/2016,229.36
06/10/2016,218.79
06/13/2016,217.87
06/14/2016,214.96
06/15/2016,217.7
06/16/2016,217.93
06/17/2016,215.47
06/20/2016,219.7
06/21/2016,219.61
06/22/2016,196.66
06/23/2016,196.4
06/24/2016,193.15
06/27/2016,198.55
06/28/2016,201.79
06/29/2016,210.19
06/30/2016,212.28
07/01/2016,216.5
07/05/2016,213.98
07/06/2016,214.44
07/07/2016,215.94
07/08/2016,216.78
07/11/2016,224.78
07/12/2016,224.65
07/13/2016,222.53
07/14/2016,221.53
07/15/2016,220.4
07/18/2016,226.25
07/19/2016,225.26
07/20/2016,228.36
07/21/2016,220.5
07/22/2016,222.27
07/25/2016,230.01
07/26/2016,229.51
07/27/2016,228.49
07/28/2016,230.61
07/29/2016,234.79
08/01/2016,230.01
08/02/2016,227.2
08/03/2016,225.79
08/04/2016,230.61
08/05/2016,230.03
08/08/2016,226.16
08/09/2016,229.08
08/10/2016,225.65
08/11/2016,224.91
08/12/2016,225.61
08/15/2016,225.59
08/16/2016,223.61
08/17/2016,223.24
08/18/2016,223.51
08/19/2016,225
08/22/2016,222.93
08/23/2016,224.84
08/24/2016,222.62
08/25/2016,220.96
08/26/2016,219.99
08/29/2016,215.2
08/30/2016,211.34
08/31/2016,212.01
09/01/2016,200.77
09/02/2016,197.78
09/06/2016,202.83
09/07/2016,201.71
09/08/2016,197.36
09/09/2016,194.47
09/12/2016,198.3
09/13/2016,196.05
09/14/2016,196.41
09/15/2016,200.42
09/16/2016,205.4
09/19/2016,206.34
09/20/2016,204.64
09/21/2016,205.22
09/22/2016,206.43
09/23/2016,207.45
09/26/2016,208.99
09/27/2016,205.81
09/28/2016,206.27
09/29/2016,200.7
09/30/2016,204.03
10/03/2016,213.7
10/04/2016,211.41
10/05/2016,208.46
10/06/2016,201
10/07/2016,196.61
10/10/2016,200.95
10/11/2016,200.1
10/12/2016,201.51
10/13/2016,200.24
10/14/2016,196.51
10/17/2016,193.96
10/18/2016,199.1
10/19/2016,203.56
10/20/2016,199.1
10/21/2016,200.09
10/24/2016,202.76
10/25/2016,202.34
10/26/2016,202.24
10/27/2016,204.01
10/28/2016,199.97
10/31/2016,197.73
11/01/2016,190.79
11/02/2016,188.02
11/03/2016,187.42
11/04/2016,190.56
11/07/2016,193.21
11/08/2016,194.94
11/09/2016,190.06
11/10/2016,185.35
11/11/2016,188.56
11/14/2016,181.45
11/15/2016,183.77
11/16/2016,183.93
11/17/2016,188.66
11/18/2016,185.02
11/21/2016,184.52
11/22/2016,191.17
11/23/2016,193.14
11/25/2016,196.65
11/28/2016,196.12
11/29/2016,189.57
11/30/2016,189.4
12/01/2016,181.88
12/02/2016,181.47
12/05/2016,186.8
12/06/2016,185.85
12/07/2016,193.15
12/08/2016,192.29
12/09/2016,192.18
12/12/2016,192.43
12/13/2016,198.15
12/14/2016,198.69
12/15/2016,197.58
12/16/2016,202.49
12/19/2016,202.73
12/20/2016,208.79
12/21/2016,207.7
12/22/2016,208.45
12/23/2016,213.34
12/27/2016,219.53
12/28/2016,219.74
12/29/2016,214.68
12/30/2016,213.69
01/03/2017,216.99
01/04/2017,226.99
01/05/2017,226.75
01/06/2017,229.01
01/09/2017,231.28
01/10/2017,229.87
01/11/2017,229.73
01/12/2017,229.59
01/13/2017,237.75
01/17/2017,235.58
01/18/2017,238.36
01/19/2017,243.76
01/20/2017,244.73
01/23/2017,248.92
01/24/2017,254.61
01/25/2017,254.47
01/26/2017,252.51
01/27/2017,252.95
01/30/2017,250.63
01/31/2017,251.93
02/01/2017,249.24
02/02/2017,251.55
02/03/2017,251.33
02/06/2017,257.77
02/07/2017,257.48
02/08/2017,262.08
02/09/2017,269.2
02/10/2017,269.23
02/13/2017,280.6
02/14/2017,280.98
02/15/2017,279.76
02/16/2017,268.95
02/17/2017,272.23
02/21/2017,277.39
02/22/2017,273.51
02/23/2017,255.99
02/24/2017,257
02/27/2017,246.23
02/28/2017,249.99
03/01/2017,250.02
03/02/2017,250.48
03/03/2017,251.57
03/06/2017,251.21
03/07/2017,248.59
03/08/2017,246.87
03/09/2017,244.9
03/10/2017,243.69
03/13/2017,246.17
03/14/2017,258
03/15/2017,255.73
03/16/2017,262.05
03/17/2017,261.5
03/20/2017,261.92
03/21/2017,250.68
03/22/2017,255.01
03/23/2017,254.78
03/24/2017,263.16
03/27/2017,270.22
03/28/2017,277.45
03/29/2017,277.38
03/30/2017,277.92
03/31/2017,278.3
04/03/2017,298.52
04/04/2017,303.7
04/05/2017,295
04/06/2017,298.7
04/07/2017,302.54
04/10/2017,312.39
04/11/2017,308.71
04/12/2017,296.84
04/13/2017,304
04/17/2017,301.44
04/18/2017,300.25
04/19/2017,305.52
04/20/2017,302.51
04/21/2017,305.6
04/24/2017,308.03
04/25/2017,313.79
04/26/2017,310.17
04/27/2017,308.63
04/28/2017,314.07
05/01/2017,322.83
05/02/2017,318.89
05/03/2017,311.02
05/04/2017,295.46
05/05/2017,308.35
05/08/2017,307.19
05/09/2017,321.26
05/10/2017,325.22
05/11/2017,323.1
05/12/2017,324.81
05/15/2017,315.88
05/16/2017,317.01
05/17/2017,306.11
05/18/2017,313.06
05/19/2017,310.83
05/22/2017,310.35
05/23/2017,303.86
05/24/2017,310.22
05/25/2017,316.83
05/26/2017,325.14
05/30/2017,335.1
05/31/2017,341.01
06/01/2017,340.37
06/02/2017,339.85
06/05/2017,347.32
06/06/2017,352.85
06/07/2017,359.65
06/08/2017,370
06/09/2017,357.32
06/12/2017,359.01
06/13/2017,375.95
06/14/2017,380.66
06/15/2017,375.34
06/16/2017,371.4
06/19/2017,369.8
06/20/2017,372.24
06/21/2017,376.4
06/22/2017,382.61
06/23/2017,383.45
06/26/2017,377.49
06/27/2017,362.37
06/28/2017,371.24
06/29/2017,360.75
06/30/2017,361.61
07/03/2017,352.62
07/05/2017,327.09
07/06/2017,308.83
07/07/2017,313.22
07/10/2017,316.05
07/11/2017,327.22
07/12/2017,329.52
07/13/2017,323.41
07/14/2017,327.78
07/17/2017,319.57
07/18/2017,328.24
07/19/2017,325.26
07/20/2017,329.92
07/21/2017,328.4
07/24/2017,342.52
07/25/2017,339.6
07/26/2017,343.85
07/27/2017,334.46
07/28/2017,335.07
07/31/2017,323.47
08/01/2017,319.57
08/02/2017,325.89
08/03/2017,347.09
08/04/2017,356.91
08/07/2017,355.17
08/08/2017,365.22
08/09/2017,363.53
08/10/2017,355.4
08/11/2017,357.87
08/14/2017,363.8
08/15/2017,362.33
08/16/2017,362.91
08/17/2017,351.92
08/18/2017,347.46
08/21/2017,337.86
08/22/2017,341.35
08/23/2017,352.77
08/24/2017,352.93
08/25/2017,348.05
08/28/2017,345.66
08/29/2017,347.36
08/30/2017,353.18
08/31/2017,355.9
09/01/2017,355.4
09/05/2017,349.59
09/06/2017,344.53
09/07/2017,350.61
09/08/2017,343.4
09/11/2017,363.69
09/12/2017,362.75
09/13/2017,366.23
09/14/2017,377.64
09/15/2017,379.81
09/18/2017,385
09/19/2017,375.1
09/20/2017,373.91
09/21/2017,366.48
09/22/2017,351.09
09/25/2017,344.99
09/26/2017,345.25
09/27/2017,340.97
09/28/2017,339.6
09/29/2017,341.1
10/02/2017,341.53
10/03/2017,348.14
10/04/2017,355.01
10/05/2017,355.33
10/06/2017,356.88
10/09/2017,342.94
10/10/2017,355.59
10/11/2017,354.6
10/12/2017,355.68
10/13/2017,355.57
10/16/2017,350.6
10/17/2017,355.75
10/18/2017,359.65
10/19/2017,351.81
10/20/2017,345.1
10/23/2017,337.02
10/24/2017,337.34
10/25/2017,325.84
10/26/2017,326.17
10/27/2017,320.87
10/30/2017,320.08
10/31/2017,331.53
11/01/2017,321.08
11/02/2017,299.26
11/03/2017,306.09
11/06/2017,302.78
11/07/2017,306.05
11/08/2017,304.39
11/09/2017,302.99
11/10/2017,302.99
11/13/2017,315.4
11/14/2017,308.7
11/15/2017,311.3
11/16/2017,312.5
11/17/2017,315.05
11/20/2017,308.74
11/21/2017,317.81
11/22/2017,312.6
11/24/2017,315.55
11/27/2017,316.81
11/28/2017,317.55
11/29/2017,307.54
11/30/2017,308.85
12/01/2017,306.53
12/04/2017,305.2
12/05/2017,303.7
12/06/2017,313.26
12/07/2017,311.24
12/08/2017,315.13
12/11/2017,328.91
12/12/2017,341.03
12/13/2017,339.03
12/14/2017,337.89
12/15/2017,343.45
12/18/2017,338.87
12/19/2017,331.1
12/20/2017,328.98
12/21/2017,331.66
12/22/2017,325.2
12/26/2017,317.29
12/27/2017,311.64
12/28/2017,315.36
12/29/2017,311.35
01/02/2018,320.53
01/03/2018,317.25
01/04/2018,314.62
01/05/2018,316.58
01/08/2018,336.41
01/09/2018,333.69
01/10/2018,334.8
01/11/2018,337.95
01/12/2018,336.22
01/16/2018,340.06
01/17/2018,347.16
01/18/2018,344.57
01/19/2018,350.02
01/22/2018,351.56
01/23/2018,352.79
01/24/2018,345.89
01/25/2018,337.64
01/26/2018,342.85
01/29/2018,349.53
01/30/2018,345.82
01/31/2018,354.31
02/01/2018,349.25
02/02/2018,343.75
02/05/2018,333.13
02/06/2018,333.97
02/07/2018,345
02/08/2018,315.23
02/09/2018,310.42
02/12/2018,315.73
02/13/2018,323.66
02/14/2018,322.31
02/15/2018,334.065
02/16/2018,335.49
02/20/2018,334.77
02/21/2018,333.3
02/22/2018,346.17
02/23/2018,352.05
02/26/2018,357.42
02/27/2018,350.99
02/28/2018,343.06
03/01/2018,330.93
03/02/2018,335.12
03/05/2018,333.35
03/06/2018,328.2
03/07/2018,332.3
03/08/2018,329.1
03/09/2018,327.17
03/12/2018,345.51
03/13/2018,341.84
03/14/2018,326.63
03/15/2018,325.6
03/16/2018,321.35
03/19/2018,313.56
03/20/2018,310.55
03/21/2018,316.53
03/22/2018,309.1
03/23/2018,301.54
03/26/2018,304.18
03/27/2018,279.18
03/28/2018,257.78
03/29/2018,266.13
04/02/2018,252.48
04/03/2018,267.53
04/04/2018,286.94
04/05/2018,305.72
04/06/2018,299.3
04/09/2018,289.66
04/10/2018,304.7
04/11/2018,300.93
04/12/2018,294.08
04/13/2018,300.34
04/16/2018,291.21
04/17/2018,287.69
04/18/2018,293.35
04/19/2018,300.08
04/20/2018,290.24
04/23/2018,283.37
04/24/2018,283.46
04/25/2018,280.69
04/26/2018,285.48
04/27/2018,294.075
04/30/2018,293.9
05/01/2018,299.92
05/02/2018,301.15
05/03/2018,284.45
05/04/2018,294.09
05/07/2018,302.77
05/08/2018,301.97
05/09/2018,306.85
05/10/2018,305.02
05/11/2018,301.06
05/14/2018,291.97
05/15/2018,284.18
05/16/2018,286.48
05/17/2018,284.54
05/18/2018,276.82
05/21/2018,284.49
05/22/2018,275.01
05/23/2018,279.07
05/24/2018,277.85
05/25/2018,278.85
05/29/2018,283.76
05/30/2018,291.72
05/31/2018,284.73
06/01/2018,291.82
06/04/2018,296.74
06/05/2018,291.13
06/06/2018,319.5
06/07/2018,316.09
06/08/2018,317.66
06/11/2018,332.1
06/12/2018,342.77
06/13/2018,344.78
06/14/2018,357.72
06/15/2018,358.17
06/18/2018,370.83
06/19/2018,352.55
06/20/2018,362.22
06/21/2018,347.51
06/22/2018,333.63
06/25/2018,333.01
06/26/2018,342
06/27/2018,344.5
06/28/2018,349.93
06/29/2018,342.95
07/02/2018,335.07
07/03/2018,310.86
07/05/2018,309.16
07/06/2018,308.9
07/09/2018,318.51
07/10/2018,322.47
07/11/2018,318.96
07/12/2018,316.71
07/13/2018,318.87
07/16/2018,310.1
07/17/2018,322.69
07/18/2018,323.85
07/19/2018,320.23
07/20/2018,313.58
07/23/2018,303.2
07/24/2018,297.43
07/25/2018,308.74
07/26/2018,306.65
07/27/2018,297.18
07/30/2018,290.17
07/31/2018,298.14
08/01/2018,300.84
08/02/2018,349.54
08/03/2018,348.17
08/06/2018,341.99
08/07/2018,379.57
08/08/2018,370.34
08/09/2018,352.45
08/10/2018,355.49
08/13/2018,356.41
08/14/2018,347.64
08/15/2018,338.69
08/16/2018,335.45
08/17/2018,305.5
08/20/2018,308.44
08/21/2018,321.9
08/22/2018,321.64
08/23/2018,320.1
08/24/2018,322.82
08/27/2018,319.27
08/28/2018,311.86
08/29/2018,305.01
08/30/2018,303.15
08/31/2018,301.66
09/04/2018,288.95
09/05/2018,280.74
09/06/2018,280.95
09/07/2018,263.24
09/10/2018,285.5
09/11/2018,279.44
09/12/2018,290.54
09/13/2018,289.46
09/14/2018,295.2
09/17/2018,294.84
09/18/2018,284.96
09/19/2018,299.02
09/20/2018,298.33
09/21/2018,299.1
09/24/2018,299.68
09/25/2018,300.99
09/26/2018,309.58
09/27/2018,307.52
09/28/2018,264.77
10/01/2018,310.7
10/02/2018,301.02
10/03/2018,294.8
10/04/2018,281.83
10/05/2018,261.95
10/08/2018,250.56
10/09/2018,262.8
10/10/2018,256.88
10/11/2018,252.23
10/12/2018,258.78
10/15/2018,259.59
10/16/2018,276.59
10/17/2018,271.78
10/18/2018,263.91
10/19/2018,260
10/22/2018,260.95
10/23/2018,294.14
10/24/2018,288.5
10/25/2018,314.86
10/26/2018,330.9
10/29/2018,334.85
10/30/2018,329.9
10/31/2018,337.32
11/01/2018,344.28
11/02/2018,346.41
11/05/2018,341.4
11/06/2018,341.06
11/07/2018,348.16
11/08/2018,351.4
11/09/2018,350.51
11/12/2018,331.28
11/13/2018,338.73
11/14/2018,344
11/15/2018,348.44
11/16/2018,354.31
11/19/2018,353.47
11/20/2018,347.49
11/21/2018,338.19
11/23/2018,325.83
11/26/2018,346
11/27/2018,343.92
11/28/2018,347.87
11/29/2018,341.17
11/30/2018,350.48
12/03/2018,358.49
12/04/2018,359.7
12/06/2018,363.06
12/07/2018,357.965
12/10/2018,365.15
12/11/2018,366.76
12/12/2018,366.6
12/13/2018,376.79
12/14/2018,365.71
12/17/2018,348.42
12/18/2018,337.03
12/19/2018,332.97
12/20/2018,315.38
12/21/2018,319.77
12/24/2018,295.39
12/26/2018,326.09
12/27/2018,316.13
12/28/2018,333.87
12/31/2018,332.8
01/02/2019,310.12
01/03/2019,300.36
01/04/2019,317.69
01/07/2019,334.96
01/08/2019,335.35
01/09/2019,338.53
01/10/2019,344.97
01/11/2019,347.26
01/14/2019,334.4
01/15/2019,344.43
01/16/2019,346.05
01/17/2019,347.31
01/18/2019,302.26
01/22/2019,298.92
01/23/2019,287.59
01/24/2019,291.51
01/25/2019,297.04
01/28/2019,296.38
01/29/2019,297.46
01/30/2019,308.77
01/31/2019,307.02
02/01/2019,312.21
02/04/2019,312.89
02/05/2019,321.35
02/06/2019,317.22
02/07/2019,307.51
02/08/2019,305.8
02/11/2019,312.84
02/12/2019,311.81
02/13/2019,308.17
02/14/2019,303.77
02/15/2019,307.88
02/19/2019,305.64
02/20/2019,302.56
02/21/2019,291.23
02/22/2019,294.71
02/25/2019,298.77
02/26/2019,297.86
02/27/2019,314.74
02/28/2019,319.88
03/01/2019,294.79
03/04/2019,285.36
03/05/2019,276.54
03/06/2019,276.24
03/07/2019,276.59
03/08/2019,284.14
03/11/2019,290.92
03/12/2019,283.36
03/13/2019,288.96
03/14/2019,289.96
03/15/2019,275.43
03/18/2019,269.49
03/19/2019,267.47
03/20/2019,273.6
03/21/2019,274.02
03/22/2019,264.53
03/25/2019,260.42
03/26/2019,267.77
03/27/2019,274.83
03/28/2019,278.62
03/29/2019,279.86
04/01/2019,289.18
04/02/2019,285.88
04/03/2019,291.81
04/04/2019,267.78
04/05/2019,274.96
04/08/2019,273.2
04/09/2019,272.31
04/10/2019,276.06
04/11/2019,268.42
04/12/2019,267.7
04/15/2019,266.38
04/16/2019,273.36
04/17/2019,271.23
04/18/2019,273.26
04/22/2019,262.75
04/23/2019,263.9
04/24/2019,258.66
04/25/2019,247.63
04/26/2019,235.14
04/29/2019,241.47
04/30/2019,238.69
05/01/2019,234.01
05/02/2019,244.1
05/03/2019,255.03
05/06/2019,255.34
05/07/2019,247.06
05/08/2019,244.84
05/09/2019,241.98
05/10/2019,239.52
05/13/2019,227.01
05/14/2019,232.31
05/15/2019,231.95